Fecha,ABC.A,BNC,BPV,BVCC,BVL,CIE,CRM.A,DOM,EFE,ENV,FVI.B,GZL,MPA,MVZ.A,MVZ.B,RST,RST.B,TDV.D,TPG,FVI.A,PGR,PTN,BOU,CGQ,FFV.B,FNC,ICP.B,SVS,CCR,PIV.B,PER,ALZ.B,MTC.B,IMP.B,ARC.B,GZL.A,RFM,ARC.A,VNA.B,IMP.A,IVC.A,IVC.B,GMC.B
2024-01-02,0,12,9,4,4,1,0,2,2,2,3,0,3,2,1,8,5,4,1,0,2,3,0,0,0,0,1,1,0,1,0,0,1,0,0,0,0,0,0,0,0,0,0
2024-01-03,0,15,6,4,7,1,1,3,7,7,3,1,10,5,1,4,5,14,2,0,4,1,0,0,0,0,2,0,3,0,0,1,0,0,0,0,0,0,0,0,0,0,0
2024-01-04,0,19,5,6,10,2,0,0,0,3,1,0,5,3,5,5,7,3,0,0,1,1,0,0,0,0,3,5,2,3,0,0,0,0,0,0,0,0,0,0,0,0,0
2024-01-05,8,18,10,9,5,3,2,1,2,1,6,2,2,1,1,7,4,12,2,0,0,4,0,0,0,0,0,6,0,2,0,1,0,0,0,0,0,0,0,0,0,0,0
2024-01-08,0,13,7,7,4,0,0,2,2,1,6,0,1,1,0,9,6,10,2,0,3,4,0,0,0,0,0,1,0,2,0,2,0,0,0,0,0,0,0,0,0,0,0
2024-01-09,0,20,4,6,7,0,1,2,3,2,8,0,2,3,3,8,5,18,2,1,1,1,0,0,0,1,0,1,0,1,0,0,0,1,0,0,0,0,0,0,0,0,0
2024-01-10,3,22,5,13,7,0,6,0,6,3,9,1,2,4,2,5,6,7,2,0,0,2,0,0,0,0,4,0,2,0,0,0,1,0,0,0,0,0,0,0,0,0,0
2024-01-11,3,23,5,10,4,0,1,2,7,4,3,2,3,3,1,9,1,6,1,0,3,3,0,0,0,1,2,2,0,0,0,1,0,0,0,0,0,0,0,0,0,0,0
2024-01-12,2,9,9,12,6,3,1,3,2,2,20,1,5,0,3,11,8,7,5,0,2,3,0,1,0,3,1,2,1,1,0,0,0,0,1,0,0,0,4,0,0,0,0
2024-01-15,0,16,16,10,8,1,4,7,7,2,2,1,0,3,5,9,9,6,3,1,1,2,0,0,0,1,2,4,1,1,0,0,2,0,0,0,0,0,0,0,0,0,0
2024-01-16,3,19,6,8,11,2,3,4,7,3,6,0,4,3,4,5,6,10,0,0,5,5,0,0,0,0,2,0,1,0,0,3,1,0,0,0,0,0,0,0,0,0,0
2024-01-17,1,20,11,17,2,2,2,6,7,0,7,0,1,7,3,9,7,12,1,0,2,2,0,1,0,2,2,2,0,3,0,1,0,0,0,0,0,0,0,0,0,0,0
2024-01-18,4,25,9,16,4,4,7,2,5,2,11,0,5,9,4,6,12,14,14,1,5,4,0,1,0,3,1,6,0,0,0,0,0,0,1,0,0,0,0,0,0,0,0
2024-01-19,3,20,24,8,13,1,6,6,6,3,6,0,4,3,3,8,11,5,1,2,1,3,0,0,0,0,0,4,1,0,0,1,0,0,4,0,0,0,0,0,0,0,0
2024-01-22,0,22,13,7,0,0,3,1,9,0,11,0,3,3,1,7,5,5,2,0,2,5,0,0,0,0,1,1,3,0,0,1,0,0,1,0,0,0,0,0,0,0,0
2024-01-23,1,17,12,16,7,0,0,0,3,1,4,0,2,0,3,7,7,4,0,0,0,4,0,1,0,1,0,1,0,0,0,0,0,0,0,0,0,0,0,0,0,0,0
2024-01-24,3,14,9,14,7,2,4,3,5,6,18,1,0,2,3,6,7,17,7,0,4,3,0,0,0,0,0,2,4,3,0,0,0,0,0,0,0,0,0,0,0,0,0
2024-01-25,2,29,5,12,8,0,6,2,2,3,6,0,1,1,0,5,4,8,1,1,1,0,0,1,0,0,0,1,0,0,0,0,0,0,1,0,0,0,0,0,0,0,0
2024-01-26,4,27,15,11,10,2,3,6,5,4,13,2,5,3,5,8,10,14,6,4,7,6,0,2,0,2,0,5,0,2,0,0,0,0,1,0,0,0,0,0,0,0,0
2024-01-29,4,38,11,8,3,4,4,3,1,1,4,0,0,6,5,9,16,13,4,0,8,7,0,0,0,0,2,3,0,0,0,0,0,0,0,0,0,0,0,0,0,0,0
2024-01-30,7,36,12,10,2,3,2,1,3,1,12,0,2,4,3,7,11,10,1,2,2,3,0,0,0,0,0,6,0,1,0,0,0,0,0,0,0,0,0,0,0,0,0
2024-01-31,0,48,19,15,7,2,4,6,3,4,14,0,5,2,5,9,12,22,5,1,6,4,0,1,0,0,0,6,0,2,0,0,0,1,0,0,0,0,3,0,0,0,0
2024-02-01,2,42,18,16,10,1,3,12,5,4,15,1,1,13,4,11,10,9,6,2,3,1,0,1,0,1,4,1,0,2,0,0,0,0,1,0,0,0,1,0,0,0,0
2024-02-02,2,31,15,11,5,3,1,6,3,4,6,1,6,1,6,6,9,18,4,1,6,3,0,0,0,0,1,2,0,1,0,0,0,0,0,0,0,0,2,0,0,0,0
2024-02-05,1,10,12,7,5,1,1,5,3,6,6,1,2,1,1,10,7,2,2,0,3,1,0,0,0,0,0,2,0,3,0,0,0,0,0,0,0,0,2,0,0,0,0
2024-02-06,1,23,12,7,7,2,0,0,2,3,6,0,2,4,2,4,3,12,2,1,6,3,0,2,0,0,1,3,0,0,0,0,0,0,0,0,0,0,2,0,0,0,0
2024-02-07,0,20,10,4,5,2,1,3,3,3,7,1,0,10,7,6,6,11,5,0,2,2,0,0,0,1,0,6,0,1,0,2,0,0,0,0,0,0,3,0,0,0,0
2024-02-08,2,18,11,10,6,0,2,3,4,4,9,1,0,4,1,12,1,8,4,0,2,2,0,0,0,0,0,0,1,0,0,0,0,1,0,0,0,0,2,0,0,0,0
2024-02-09,2,21,26,11,9,5,5,8,5,2,11,5,1,3,2,12,7,9,4,0,3,4,0,2,0,1,0,3,0,1,0,0,0,0,1,0,0,0,3,0,0,0,0
2024-02-14,3,16,10,4,10,1,1,5,4,4,3,0,3,3,5,7,8,12,3,0,0,6,0,2,0,0,0,1,0,1,0,1,0,0,2,0,0,0,0,0,0,0,0
2024-02-15,4,16,12,9,3,2,3,11,3,2,4,1,1,2,3,5,4,8,4,1,2,3,0,0,0,0,0,2,1,2,0,1,0,0,2,0,0,0,0,0,0,0,0
2024-02-16,10,35,16,11,9,0,8,20,2,4,10,1,1,9,3,7,8,18,1,1,0,1,0,0,0,1,0,1,0,0,0,0,0,0,1,0,0,0,0,0,0,0,0
2024-02-19,9,26,15,13,12,0,6,8,3,3,10,0,7,8,4,10,4,11,3,0,2,6,0,1,0,1,1,2,0,0,0,0,0,0,0,0,0,0,1,0,0,0,0
2024-02-20,9,27,9,8,4,2,7,10,4,2,9,1,3,5,7,7,9,10,5,0,5,12,0,0,0,1,0,0,0,0,0,0,0,0,1,0,0,0,0,0,0,0,0
2024-02-21,6,25,9,4,12,2,7,3,4,2,9,3,3,5,1,9,4,9,1,1,0,4,0,2,0,1,1,3,0,0,0,0,0,0,1,0,0,0,0,0,0,0,0
2024-02-22,6,26,8,11,12,2,7,9,2,2,3,3,0,1,0,9,7,10,4,1,2,2,0,0,0,0,1,0,1,1,0,0,0,0,1,0,0,0,0,0,0,0,0
2024-02-23,8,25,11,8,6,3,5,5,4,3,6,2,0,3,1,6,4,3,4,1,2,6,0,2,0,1,0,2,0,0,0,0,0,0,1,0,0,0,1,0,0,0,0
2024-02-26,4,26,8,8,2,3,6,6,5,9,6,6,6,3,4,9,13,9,3,1,9,6,0,0,0,1,2,3,0,2,0,0,0,0,1,0,0,0,0,0,0,0,0
2024-02-27,12,37,27,7,8,3,4,3,6,0,6,0,6,2,1,4,4,6,7,0,14,10,0,5,0,1,2,3,0,0,0,0,0,0,1,0,0,0,1,0,0,0,0
2024-02-28,9,19,15,15,3,0,1,6,3,0,3,1,2,4,5,9,4,9,4,2,2,4,0,0,0,0,3,0,2,1,0,1,0,0,1,0,1,0,1,0,0,0,0
2024-02-29,11,35,20,16,8,0,7,7,3,3,7,0,2,9,4,5,9,11,1,2,6,4,0,1,0,0,1,1,1,2,0,0,0,0,2,0,0,0,2,0,0,0,0
2024-03-01,6,27,16,0,9,2,2,8,3,6,7,0,3,1,2,12,8,5,0,0,1,1,0,0,0,2,1,1,0,0,0,0,0,0,3,0,0,0,2,1,0,0,0
2024-03-04,10,34,10,6,9,2,5,10,4,10,18,1,3,4,5,11,4,13,4,0,3,2,0,3,0,0,1,1,3,1,0,0,0,0,6,0,0,0,1,0,0,0,0
2024-03-05,10,32,18,12,11,2,3,11,2,5,20,1,5,7,6,13,3,15,5,1,3,1,0,0,0,4,1,5,0,4,0,0,0,0,0,0,0,0,0,0,0,0,0
2024-03-06,5,33,11,12,5,3,7,5,5,4,16,6,0,4,4,12,5,2,2,0,2,1,0,0,0,1,0,3,3,1,0,0,0,0,2,0,0,0,0,0,0,0,0
2024-03-07,3,26,13,12,8,5,2,2,2,6,25,1,0,26,14,2,5,5,4,5,4,3,0,0,0,2,1,2,0,2,0,0,0,0,1,0,0,0,0,0,0,0,0
2024-03-08,1,15,9,6,3,1,0,1,4,1,15,4,0,6,3,9,2,2,4,1,2,3,0,0,0,1,1,3,0,0,0,0,0,0,0,0,0,0,0,0,0,0,0
2024-03-11,3,18,6,4,2,0,2,0,1,8,19,0,1,5,8,10,13,7,5,3,1,3,0,0,0,1,1,1,0,0,0,0,0,0,2,0,0,0,0,0,0,0,0
2024-03-12,2,27,23,3,14,1,2,1,3,1,7,2,0,2,14,20,2,10,0,0,6,2,0,0,0,0,0,0,0,0,0,1,0,0,0,0,0,0,1,0,0,0,0
2024-03-13,3,18,28,9,7,3,3,1,2,3,0,1,3,7,6,3,2,9,0,1,11,2,0,0,0,0,0,0,0,6,0,0,0,0,0,0,0,0,0,0,0,0,0
2024-03-14,1,19,13,8,7,2,4,3,1,3,3,1,0,2,7,9,5,4,0,0,4,4,0,0,0,2,1,0,0,3,0,0,0,0,1,0,0,0,0,0,0,0,0
2024-03-15,6,26,25,12,6,2,2,3,4,3,9,1,2,10,5,14,6,11,2,1,2,7,0,1,0,1,1,4,0,0,0,0,0,0,0,0,0,0,0,0,0,0,0
2024-03-18,1,28,24,7,11,2,0,1,2,6,7,0,2,9,3,12,8,17,2,0,9,9,0,0,0,0,2,2,0,2,0,0,0,0,1,0,0,0,1,0,0,0,0
2024-03-20,4,25,21,5,18,0,1,7,1,7,17,0,6,8,3,14,7,5,3,0,7,5,0,0,0,0,0,1,1,3,0,2,0,0,0,0,0,0,1,0,0,0,0
2024-03-21,1,28,27,17,12,0,6,4,5,3,4,1,2,3,6,14,8,5,3,2,8,8,0,1,0,1,0,0,2,0,0,1,0,0,0,0,0,0,0,0,0,0,0
2024-03-22,4,23,14,15,9,0,2,0,2,2,18,1,5,8,8,6,6,11,1,1,2,1,0,1,0,0,0,0,1,4,0,0,0,0,0,0,0,0,0,0,0,0,0
2024-03-25,5,20,9,18,11,0,9,2,9,8,5,2,4,2,7,14,10,18,1,1,9,7,0,0,0,0,3,1,1,2,0,1,0,0,3,0,0,0,1,0,0,0,0
2024-03-26,4,40,19,14,14,0,4,1,6,2,7,1,7,7,3,11,8,17,1,3,7,3,0,0,0,0,0,0,0,4,0,0,0,0,6,0,0,0,1,0,0,0,0
2024-03-27,0,25,14,14,12,0,7,9,3,3,6,3,3,1,6,10,10,6,1,0,11,7,0,0,1,0,0,2,0,1,0,1,0,0,3,0,0,0,3,0,0,0,0
2024-04-01,2,44,15,5,8,0,1,6,14,4,5,3,3,4,2,10,2,6,4,0,4,0,0,0,0,0,1,1,2,1,0,0,0,0,1,0,0,0,0,0,0,0,0
2024-04-02,2,31,19,14,9,0,1,1,10,4,4,0,6,5,5,7,7,6,0,0,7,6,0,0,0,0,0,1,0,4,0,0,3,0,0,0,0,0,0,0,0,0,0
2024-04-03,6,16,50,4,13,0,5,3,0,3,5,0,5,6,2,17,5,7,5,0,6,2,0,0,0,0,0,0,1,0,0,1,0,0,1,0,0,0,1,0,0,0,0
2024-04-04,2,6,23,21,9,0,6,4,3,3,7,1,1,9,1,13,9,6,2,1,3,3,0,1,0,0,0,2,0,2,1,0,0,0,1,0,0,0,0,0,0,0,0
2024-04-05,1,20,29,17,4,0,4,6,1,4,4,0,5,8,1,11,12,8,4,1,4,4,0,1,0,0,0,4,0,1,4,1,0,0,1,0,0,0,0,0,0,0,0
2024-04-08,5,27,29,7,10,0,4,1,6,2,4,2,5,2,7,11,7,6,2,2,8,6,0,1,0,0,1,1,0,0,6,0,0,0,1,0,0,0,1,0,0,0,0
2024-04-09,4,14,23,12,8,0,2,1,8,9,7,0,2,4,6,15,12,12,3,0,3,6,0,0,0,0,0,2,1,1,4,1,0,0,3,0,0,0,0,0,0,0,0
2024-04-10,1,6,19,10,5,0,3,6,2,5,1,1,12,6,0,10,1,8,0,2,4,3,0,0,0,0,0,2,1,0,5,0,0,0,0,0,0,0,1,0,0,0,0
2024-04-11,1,10,20,11,7,0,2,3,4,5,10,2,3,6,2,8,5,15,4,2,7,11,0,0,0,0,8,2,0,0,6,0,0,0,0,0,0,0,2,0,0,0,0
2024-04-12,5,11,20,9,4,0,5,2,6,8,6,1,4,8,7,13,12,10,2,0,10,4,0,0,0,0,3,4,0,0,4,0,1,0,2,0,0,0,1,0,0,0,0
2024-04-15,3,20,27,10,21,0,0,1,2,6,5,0,0,0,2,9,11,18,1,2,4,8,0,0,0,0,1,0,1,5,1,1,1,1,4,0,0,0,2,0,0,0,0
2024-04-16,4,32,31,11,9,0,4,1,6,9,6,1,5,7,10,15,18,26,2,3,6,10,0,0,0,0,1,1,0,1,0,0,0,0,2,0,0,0,2,0,0,0,0
2024-04-17,3,20,61,8,16,0,4,2,2,3,13,0,3,13,6,19,3,13,1,1,3,1,0,1,0,1,1,1,0,2,0,0,1,1,1,0,0,0,1,0,0,0,0
2024-04-18,5,29,51,10,9,0,6,2,7,4,12,1,4,1,3,7,23,24,0,0,9,4,0,0,0,0,2,0,0,1,1,0,0,0,1,0,0,0,0,0,0,0,0
2024-04-22,10,38,41,16,20,0,2,0,10,3,13,0,4,9,6,4,7,14,1,2,4,3,0,0,0,1,1,1,1,0,2,0,0,0,1,0,0,0,0,0,0,0,0
2024-04-23,4,16,51,12,10,0,2,0,9,4,7,0,3,2,2,15,6,15,2,0,8,3,0,0,0,0,0,2,2,0,0,0,0,0,3,0,0,0,0,0,0,0,0
2024-04-24,7,13,35,6,14,0,7,1,4,6,5,5,2,3,1,6,8,13,3,2,4,5,0,1,0,1,1,3,0,0,0,0,0,0,0,0,0,0,0,0,0,0,0
2024-04-25,2,30,47,11,6,0,0,0,5,1,5,0,8,1,1,10,9,5,2,0,11,4,0,0,0,1,0,3,2,0,0,0,0,0,2,0,0,0,0,0,0,0,0
2024-04-26,4,22,56,13,10,0,9,1,7,6,9,1,9,3,3,14,10,16,1,1,7,8,0,2,0,3,0,8,2,1,1,1,1,0,2,0,0,0,1,0,0,0,0
2024-04-29,5,20,64,23,14,0,4,4,4,7,6,1,0,7,2,7,9,17,2,0,6,3,0,0,0,1,1,4,1,1,6,1,0,0,1,0,0,0,0,0,0,0,0
2024-04-30,3,29,52,7,20,0,3,2,8,4,10,4,1,5,5,8,5,9,2,0,6,3,0,0,0,1,1,1,0,1,0,0,0,0,0,0,0,0,0,0,0,0,0
2024-05-02,9,23,69,16,3,0,1,0,12,3,5,3,7,8,3,14,11,21,4,2,13,6,0,0,0,1,2,1,3,0,0,0,0,0,2,0,0,0,1,0,0,0,0
2024-05-03,11,25,44,20,10,0,4,1,10,3,15,3,10,3,4,11,10,17,4,0,9,4,0,0,0,1,3,5,1,2,0,0,0,0,1,0,0,0,0,0,0,0,0
2024-05-06,6,21,52,11,0,0,0,2,7,4,2,1,2,4,4,6,2,5,3,0,6,2,0,1,0,1,0,1,1,0,0,0,0,0,4,0,0,0,0,0,0,0,0
2024-05-07,6,19,54,9,12,0,5,4,6,2,5,0,3,4,6,9,6,10,2,3,9,2,0,2,0,3,1,1,1,3,2,0,0,0,1,0,0,0,0,0,0,0,0
2024-05-08,5,13,47,6,7,0,1,7,4,5,13,1,9,2,4,10,5,8,0,1,3,0,0,1,0,0,0,1,1,0,0,0,0,0,2,0,0,0,1,0,0,0,0
2024-05-09,1,17,38,11,6,0,2,3,3,5,7,2,4,4,0,9,8,16,0,2,3,1,0,0,0,0,0,0,0,0,0,0,0,0,0,0,0,0,1,0,0,0,0
2024-05-10,2,11,29,5,6,0,2,7,4,5,10,0,2,1,5,6,13,7,5,0,5,6,0,1,0,0,0,0,2,0,0,0,0,0,0,0,0,0,0,0,0,0,0
2024-05-14,7,23,34,18,6,0,0,4,6,5,7,1,3,2,0,8,2,8,0,5,3,0,0,0,0,0,0,13,0,2,0,0,0,0,3,0,0,0,1,0,0,0,0
2024-05-15,5,27,53,18,10,0,7,5,4,1,6,1,6,8,7,11,11,15,4,1,5,0,0,0,0,1,1,0,0,4,0,0,1,0,0,0,0,0,1,0,0,0,0
2024-05-16,6,20,47,17,4,0,1,0,3,6,10,0,0,1,2,6,8,3,2,0,6,0,0,0,0,1,0,1,1,1,0,0,0,0,0,0,0,0,1,0,0,0,0
2024-05-17,5,21,47,20,12,0,5,2,5,4,12,7,10,2,13,10,12,9,2,5,6,4,0,4,0,3,3,7,1,4,0,1,0,0,5,0,0,0,1,0,0,0,0
2024-05-20,9,11,26,19,7,0,4,3,6,3,5,0,0,1,3,4,9,19,4,1,3,5,0,2,0,2,0,2,1,1,0,1,0,0,1,0,0,0,1,0,0,0,0
2024-05-21,4,38,45,15,4,0,2,6,6,11,9,1,1,6,5,16,12,7,1,2,4,2,0,0,0,1,1,1,0,0,0,0,0,0,0,0,0,0,0,0,0,0,0
2024-05-22,6,21,22,4,7,0,3,2,4,4,5,1,4,8,3,9,14,13,0,1,7,1,0,0,0,0,0,1,0,1,0,0,0,0,1,0,1,0,0,0,0,0,0
2024-05-23,12,23,21,9,8,0,0,8,6,3,7,1,4,2,2,19,5,13,2,3,3,2,0,1,0,2,0,5,0,0,0,0,0,0,1,0,0,0,0,0,0,0,0
2024-05-24,4,23,35,6,5,0,0,1,3,2,8,3,1,1,1,6,5,7,4,1,8,3,0,1,0,1,0,0,0,2,0,0,0,0,1,0,0,0,2,0,0,0,0
2024-05-27,4,23,33,3,6,0,2,3,3,0,6,1,4,4,1,11,6,7,3,0,3,3,0,0,0,0,0,2,0,0,0,0,0,0,0,0,0,0,0,0,0,0,0
2024-05-28,1,27,47,7,9,0,6,5,7,2,10,0,10,2,0,27,4,20,1,1,4,2,0,1,0,1,0,2,0,2,0,0,0,0,0,0,0,0,0,0,0,0,0
2024-05-29,9,28,27,9,8,0,2,0,6,1,8,1,10,4,4,16,11,11,4,2,3,4,0,0,0,0,0,0,1,1,0,0,0,0,2,0,0,0,0,0,0,0,0
2024-05-30,6,15,42,7,9,0,3,3,9,4,4,1,0,13,2,15,12,16,0,0,4,1,0,0,0,0,3,2,0,2,1,0,0,0,1,0,0,0,0,0,0,0,0
2024-05-31,9,19,39,13,11,0,2,3,5,2,5,0,4,7,2,10,14,9,3,1,5,3,0,0,0,0,0,2,1,2,0,0,0,0,0,0,0,0,0,0,0,0,0
2024-06-04,2,40,36,12,9,0,3,2,14,15,9,1,1,10,7,29,8,9,2,4,5,5,0,0,0,0,1,1,2,1,0,0,0,0,2,0,0,0,0,0,0,0,0
2024-06-05,3,17,33,7,8,0,5,1,6,3,1,0,5,5,0,17,11,16,4,0,4,6,0,0,0,1,0,1,0,1,0,0,0,0,1,0,0,0,0,0,0,0,0
2024-06-06,2,17,24,12,1,0,3,1,5,1,0,1,2,4,2,21,5,21,4,4,5,0,0,1,0,0,1,0,0,1,2,0,0,0,4,0,0,0,2,0,0,0,0
2024-06-07,4,24,24,11,5,0,1,4,10,3,14,3,5,4,2,12,12,26,3,1,1,5,0,2,0,1,0,0,1,0,0,0,0,0,2,0,0,0,0,0,0,0,0
2024-06-10,4,19,21,12,6,0,3,1,11,5,5,3,5,3,2,17,8,11,2,2,9,6,0,1,0,0,0,2,1,2,0,0,0,0,4,0,0,0,0,0,0,0,0
2024-06-11,9,21,30,16,6,0,3,0,4,0,8,1,8,7,0,5,11,18,0,2,2,3,0,0,0,4,0,0,0,3,0,0,0,0,1,0,0,0,1,0,0,0,0
2024-06-12,3,29,24,8,12,0,3,6,13,5,1,0,3,7,1,21,14,24,0,1,5,5,0,1,0,0,0,0,0,5,0,0,0,0,3,0,0,0,0,0,0,0,0
2024-06-13,12,14,36,5,6,0,5,3,6,8,4,0,4,3,5,12,8,6,1,0,5,3,0,0,0,0,1,0,0,1,0,0,1,0,1,0,3,0,0,0,0,0,0
2024-06-14,7,16,30,6,9,0,4,3,8,3,3,1,8,9,2,20,13,16,2,2,13,3,0,0,0,3,1,1,2,1,0,0,0,0,1,0,0,0,1,0,0,0,0
2024-06-18,3,31,22,9,9,0,2,4,6,2,3,3,6,8,0,17,11,18,5,3,4,8,0,0,0,0,1,4,3,0,0,0,0,0,1,0,0,0,0,0,0,0,0
2024-06-19,2,35,25,11,7,0,0,6,9,1,4,0,7,2,0,14,7,9,2,0,10,2,0,0,0,0,0,2,2,0,0,0,0,2,1,0,0,0,0,0,0,0,0
2024-06-20,3,31,37,17,8,0,4,1,9,5,7,0,4,8,6,22,10,21,1,2,5,4,0,1,0,0,0,3,0,3,0,0,0,1,2,0,0,0,0,0,0,0,0
2024-06-21,2,29,48,7,1,0,2,6,11,10,4,0,3,4,2,21,15,9,5,0,8,3,0,1,0,0,0,3,3,5,0,0,0,0,1,0,0,0,1,0,0,0,0
2024-06-25,1,22,48,6,6,0,7,3,6,4,4,0,5,1,0,13,9,10,4,2,6,2,0,0,0,1,0,2,0,4,0,5,0,0,4,0,0,0,1,0,0,0,0
2024-06-26,8,16,28,9,6,0,2,2,2,8,4,1,3,10,4,15,10,12,2,1,9,2,0,0,0,3,0,1,0,2,0,0,0,0,10,0,1,0,0,0,0,0,0
2024-06-27,4,30,44,19,9,0,3,5,8,6,13,0,1,4,2,13,10,12,1,1,10,2,0,0,0,0,0,4,0,4,0,0,0,0,3,0,0,0,1,0,0,0,0
2024-06-28,2,30,33,28,11,0,1,6,15,7,34,1,7,6,3,25,14,25,2,1,15,7,0,3,0,1,0,5,0,0,0,0,0,0,2,0,0,0,0,0,0,0,0
2024-07-01,12,21,43,19,9,0,5,5,9,3,3,1,10,8,3,21,11,27,2,2,8,2,0,0,0,0,4,0,0,2,2,0,0,1,0,0,0,0,0,0,0,0,0
2024-07-02,5,22,22,31,11,0,4,3,9,10,6,0,12,13,1,13,12,20,7,2,11,6,0,1,0,0,3,2,0,0,1,0,0,0,0,0,0,0,0,0,0,0,0
2024-07-03,8,37,45,17,5,0,4,0,10,8,10,0,2,1,0,15,21,19,0,0,7,0,0,0,0,2,0,1,1,1,2,0,0,0,2,0,0,0,0,0,0,0,0
2024-07-04,14,35,53,19,7,0,1,3,11,10,11,1,8,5,3,29,20,19,7,3,6,2,0,3,0,0,1,2,0,1,0,0,1,0,3,0,0,0,0,0,0,0,0
2024-07-08,14,26,47,23,14,0,0,5,12,2,10,4,6,2,8,19,7,15,4,0,17,2,0,3,1,0,4,6,1,0,0,0,0,0,3,0,0,0,0,0,0,0,0
2024-07-09,12,21,39,21,13,0,4,0,6,6,6,2,8,5,1,16,7,13,3,0,32,3,0,2,0,1,0,3,1,1,0,0,0,1,5,0,0,0,1,0,0,0,0
2024-07-10,8,39,46,13,6,0,5,3,12,11,8,1,12,0,0,18,19,24,5,1,24,8,0,2,0,0,2,6,0,0,0,0,0,0,0,0,0,0,3,0,0,0,0
2024-07-11,12,31,38,10,10,0,5,10,12,6,11,2,7,4,0,23,9,12,1,1,22,4,0,1,0,0,1,14,0,2,0,0,2,0,1,0,0,0,1,0,0,0,0
2024-07-12,13,47,45,46,7,0,6,7,19,8,15,1,10,12,5,24,8,20,5,5,28,12,0,1,0,1,1,11,1,0,0,0,0,0,2,0,0,0,1,0,0,0,0
2024-07-15,18,36,59,29,12,0,8,0,6,7,7,4,7,9,1,28,15,16,3,1,17,8,0,2,0,5,2,7,0,0,1,3,0,1,4,0,0,0,0,0,0,0,0
2024-07-16,16,32,41,23,10,0,11,4,8,7,6,0,10,7,4,22,11,7,13,2,16,10,0,7,0,0,1,2,0,2,1,2,0,0,2,0,0,0,0,0,0,0,0
2024-07-17,12,57,64,31,25,0,10,9,15,11,15,3,6,6,6,24,31,16,5,1,14,10,0,7,0,1,2,6,0,0,1,0,0,1,1,0,0,0,1,0,0,0,0
2024-07-18,11,55,52,33,16,0,4,3,18,3,12,0,7,8,2,23,24,16,7,0,22,7,0,6,0,5,0,8,3,0,0,0,0,0,2,0,0,0,0,0,0,0,0
2024-07-19,10,35,24,30,9,0,0,7,11,4,7,6,2,3,5,22,18,11,2,0,7,9,0,2,0,5,0,3,1,0,0,0,0,1,1,0,0,0,0,0,0,0,0
2024-07-22,18,34,41,24,7,0,0,2,6,7,9,0,5,5,9,16,19,14,4,0,15,9,0,5,0,7,0,9,1,1,2,0,0,0,0,0,0,0,0,0,0,0,0
2024-07-23,12,45,25,24,9,0,6,7,13,7,5,0,9,8,9,21,16,22,2,4,17,7,0,7,0,1,0,4,2,0,0,0,0,0,0,0,0,0,0,0,0,0,0
2024-07-25,4,44,40,36,13,0,6,2,11,8,11,2,5,14,5,30,13,22,2,2,13,0,0,3,0,0,0,0,3,1,0,0,0,0,1,0,0,0,0,0,0,0,0
2024-07-26,7,49,65,26,19,0,2,4,10,25,10,6,14,7,11,24,18,29,4,1,21,6,0,3,0,5,1,3,0,0,0,0,0,0,2,0,0,0,0,0,0,0,0
2024-07-29,1,15,15,8,2,0,1,0,4,3,0,0,2,0,0,6,2,5,5,0,11,4,0,0,0,1,0,1,0,3,0,0,0,0,0,0,0,0,1,0,0,0,0
2024-07-30,0,3,8,0,2,0,2,0,0,0,0,0,0,0,0,2,4,1,0,2,4,1,0,0,0,0,0,0,0,0,0,0,0,0,0,0,0,0,0,0,0,0,0
2024-07-31,1,20,27,9,7,0,4,4,3,0,12,3,2,2,0,14,7,6,6,1,10,2,0,0,0,0,0,2,1,0,0,0,0,0,0,0,0,0,0,0,0,0,0
2024-08-01,1,36,32,19,2,0,2,5,4,2,2,1,6,2,0,16,4,9,3,0,16,6,0,0,0,0,0,1,6,0,0,0,0,0,0,0,0,0,0,0,0,0,0
2024-08-02,8,45,54,35,15,0,3,2,14,6,5,6,4,13,1,23,17,17,5,1,23,3,0,1,0,3,3,2,5,0,1,0,0,0,0,0,0,0,0,0,0,0,0
2024-08-05,7,42,43,40,8,0,3,5,14,2,11,0,9,7,2,18,18,13,5,2,16,9,0,2,0,1,1,7,0,0,0,0,0,0,2,0,0,0,0,0,0,0,0
2024-08-06,9,18,31,31,9,0,7,5,11,8,2,3,3,3,2,11,14,9,4,4,17,4,0,1,0,5,2,3,5,3,0,0,0,0,0,0,0,0,0,0,0,0,0
2024-08-07,4,30,26,12,5,0,3,1,11,5,5,0,7,2,7,16,12,12,1,7,18,4,0,4,0,5,1,0,1,2,0,0,0,0,2,0,0,0,1,0,0,0,0
2024-08-08,6,25,30,22,14,0,4,3,11,1,5,3,4,2,9,16,15,13,5,0,7,6,0,5,0,3,2,8,2,1,0,0,0,0,1,0,0,0,0,0,0,0,0
2024-08-09,5,22,20,18,3,0,0,1,12,2,5,2,5,3,0,8,7,8,10,6,5,2,0,0,0,1,2,3,4,1,0,1,0,0,0,0,0,0,0,0,0,0,0
2024-08-12,3,31,26,15,18,0,0,3,12,5,0,0,2,3,1,26,10,9,2,1,7,7,0,0,0,0,0,2,1,2,0,0,0,0,4,0,0,0,0,0,0,0,0
2024-08-13,6,29,30,19,17,0,2,2,9,7,9,3,5,3,4,17,11,5,12,2,10,3,0,1,0,0,0,0,0,1,0,0,0,0,0,0,0,0,0,0,0,0,0
2024-08-14,8,30,30,20,12,0,4,3,8,7,25,2,9,5,2,21,6,12,6,3,6,4,0,1,0,1,0,4,5,2,0,0,0,0,0,0,0,0,0,0,0,0,0
2024-08-15,2,31,35,13,14,0,4,2,9,2,11,0,8,4,1,20,7,19,1,0,9,10,0,4,0,0,1,4,2,2,0,0,0,0,2,0,0,0,0,0,0,0,0
2024-08-16,4,48,40,32,14,0,3,7,11,13,8,0,12,5,1,26,12,19,7,7,10,6,0,7,0,1,1,5,0,2,0,0,0,0,1,0,0,0,0,0,0,0,0
2024-08-20,14,54,44,24,17,0,8,6,9,8,10,4,12,5,4,33,21,18,5,1,14,7,0,0,0,1,0,5,8,4,0,0,0,0,0,0,0,0,0,0,0,0,0
2024-08-21,5,38,38,28,25,0,3,3,10,7,5,0,12,5,0,26,12,11,4,1,26,5,0,0,0,4,1,0,5,3,0,0,0,0,0,0,0,0,0,0,0,0,0
2024-08-22,7,39,24,21,3,0,3,2,8,2,12,0,7,0,2,11,9,7,0,1,12,4,0,0,0,0,5,0,2,1,0,1,0,0,0,0,0,0,0,0,0,0,0
2024-08-23,4,48,48,29,10,0,5,2,6,7,6,0,5,7,1,20,18,23,1,0,10,4,0,0,0,0,0,0,3,2,0,0,0,0,1,0,0,0,0,0,0,0,0
2024-08-26,2,39,22,25,15,0,6,3,9,2,3,4,6,5,4,27,19,10,14,2,7,6,0,0,0,1,0,4,3,0,0,0,0,0,0,0,0,0,0,0,0,0,0
2024-08-27,7,50,29,20,11,0,14,2,9,9,11,0,9,0,4,12,12,9,4,0,18,4,0,0,0,0,2,2,2,1,0,0,0,0,0,0,0,0,0,0,0,0,0
2024-08-28,8,34,38,22,20,0,1,2,12,8,8,0,8,1,4,14,10,12,7,1,12,4,0,0,0,2,0,0,4,1,0,0,0,0,1,0,0,0,0,0,0,0,0
2024-08-29,6,48,34,13,19,0,1,5,11,4,0,0,7,10,2,6,15,3,1,0,11,2,0,0,0,1,2,3,0,0,0,1,0,0,1,0,0,0,0,0,0,0,0
2024-08-30,0,0,1,1,0,0,0,0,0,0,0,0,0,0,0,0,1,0,0,0,1,0,0,0,0,0,0,0,0,0,0,0,0,0,0,0,0,0,0,0,0,0,0
2024-09-02,15,40,23,21,16,0,4,4,9,5,4,0,11,7,1,15,14,6,0,0,19,6,0,0,0,3,1,0,1,0,0,1,0,0,2,0,0,0,0,0,0,0,0
2024-09-03,3,51,42,28,13,0,4,10,14,4,7,0,15,9,3,28,10,11,4,3,18,6,0,0,0,1,6,4,2,5,0,1,0,1,0,0,0,0,1,0,0,0,0
2024-09-04,8,49,37,19,30,0,4,8,12,2,5,1,3,7,3,27,11,13,5,0,10,6,0,0,0,1,3,2,1,0,0,0,0,0,2,0,0,0,0,0,0,0,0
2024-09-05,2,27,34,12,9,0,5,6,5,4,8,1,2,2,0,21,8,16,1,1,14,5,0,0,0,0,1,3,3,0,0,0,0,0,1,0,0,0,0,0,0,0,0
2024-09-06,6,26,33,9,6,0,1,4,9,5,4,0,10,8,0,10,11,11,0,0,12,3,0,0,0,3,2,1,0,2,0,0,0,0,1,0,0,0,0,0,0,0,0
2024-09-09,3,38,25,10,6,0,12,7,10,2,1,0,6,3,1,22,14,9,4,2,11,3,0,0,0,1,0,4,1,0,0,0,0,0,3,0,0,0,0,0,0,0,0
2024-09-10,4,31,43,20,14,0,5,5,7,4,6,2,6,9,1,17,12,23,4,2,15,4,0,0,0,1,5,3,3,2,0,0,0,0,3,0,0,0,0,0,0,0,0
2024-09-11,5,33,20,24,4,0,7,0,4,6,8,0,1,4,3,13,10,19,0,0,12,3,0,0,0,1,2,3,0,0,0,0,0,0,0,0,0,0,1,0,0,0,0
2024-09-12,9,25,24,8,13,0,9,0,3,4,25,0,3,9,3,11,9,11,1,1,6,1,0,0,0,7,1,4,4,0,0,0,0,0,0,0,0,0,1,0,0,0,0
2024-09-13,4,28,33,11,9,0,7,3,12,4,8,1,9,5,1,19,8,10,3,6,19,10,0,0,0,3,1,2,15,1,2,0,0,0,0,0,0,0,1,0,0,0,0
2024-09-17,5,51,30,27,11,0,7,5,10,5,7,1,12,2,4,18,9,14,0,8,15,8,0,0,0,1,2,6,3,0,0,0,0,0,0,0,0,0,0,0,0,0,0
2024-09-18,6,39,44,18,16,0,12,5,7,4,10,1,8,2,3,24,10,12,9,6,22,5,0,0,0,0,1,0,3,0,0,0,0,0,1,0,0,0,0,0,0,0,0
2024-09-19,7,43,26,33,8,0,15,9,4,6,4,0,14,4,0,12,5,14,11,2,23,4,0,0,0,0,3,2,2,1,0,0,0,0,1,0,0,0,2,0,0,0,0
2024-09-20,12,46,27,23,9,0,8,8,9,1,14,1,6,7,4,16,10,12,3,0,20,7,0,0,0,2,4,2,3,0,0,0,0,0,0,0,0,0,2,0,0,0,0
2024-09-23,4,39,29,18,13,0,6,10,8,5,18,1,8,3,1,15,12,8,5,7,13,11,0,0,0,5,3,3,2,0,0,0,1,0,3,0,0,0,0,0,0,0,0
2024-09-24,11,41,27,14,11,0,6,6,7,5,11,1,3,6,4,13,6,11,0,1,11,10,0,0,0,0,3,1,0,0,0,0,0,1,6,0,0,0,0,0,0,0,0
2024-09-25,14,48,24,15,14,0,1,1,5,4,0,0,13,10,7,8,4,6,0,0,13,5,0,0,0,0,0,1,0,0,0,0,0,1,2,0,0,0,0,0,0,0,0
2024-09-26,7,40,26,20,18,0,10,5,13,7,0,0,7,6,6,11,9,19,5,0,17,9,0,0,0,1,0,3,5,0,0,1,2,1,2,0,0,0,0,0,0,0,0
2024-09-27,3,34,22,4,9,0,7,3,13,4,0,4,9,8,3,10,7,7,3,0,13,1,0,0,0,2,0,2,5,0,0,0,1,0,0,0,0,0,0,0,0,0,0
2024-09-30,11,42,28,27,8,0,10,4,14,9,0,2,15,6,8,11,7,24,0,0,16,7,0,0,0,2,0,1,0,3,0,2,0,0,2,0,0,0,0,0,0,0,0
2024-10-01,9,45,30,23,20,0,7,6,14,5,0,1,12,11,6,27,14,20,5,0,14,10,0,2,0,4,3,5,4,6,0,2,0,0,2,0,0,0,1,0,0,0,0
2024-10-02,5,53,37,19,13,0,8,3,25,1,0,3,2,9,3,40,19,16,0,0,13,11,0,2,0,2,3,2,0,2,0,0,1,2,1,0,0,0,1,0,0,0,0
2024-10-03,10,60,23,15,14,0,7,1,12,6,0,0,16,5,3,17,13,16,0,0,10,5,0,4,0,3,1,3,0,1,0,0,0,0,3,0,0,0,2,0,0,0,0
2024-10-04,0,51,25,14,7,0,6,0,8,7,0,3,8,6,0,22,9,16,0,0,16,10,0,8,0,0,4,3,0,2,0,0,0,0,0,0,0,0,0,0,0,0,0
2024-10-07,6,43,22,17,14,0,4,5,9,1,0,0,9,5,2,21,18,11,3,0,10,12,0,2,0,1,1,8,9,1,0,0,0,0,3,0,0,0,0,0,2,14,0
2024-10-08,6,56,32,23,13,0,5,7,8,5,0,1,4,11,0,25,5,16,8,0,17,6,0,3,0,2,0,2,1,0,0,0,0,1,1,0,0,0,0,0,3,9,0
2024-10-09,5,41,31,26,11,0,1,2,11,3,0,2,2,2,1,18,10,12,2,0,12,9,0,4,0,2,0,3,1,0,0,1,0,0,2,0,0,0,1,0,4,11,0
2024-10-10,14,34,23,14,19,0,2,2,11,10,0,0,3,5,1,36,11,11,3,0,11,6,0,1,0,2,0,0,4,1,0,0,0,1,3,0,0,0,0,0,4,6,0
2024-10-11,6,48,37,24,16,0,4,7,12,3,0,1,9,3,2,41,11,22,0,0,6,9,0,6,0,3,0,4,0,1,0,0,3,0,1,0,0,0,1,0,3,2,0
2024-10-14,9,40,29,7,8,0,7,2,10,1,0,2,3,1,3,9,12,4,3,0,13,10,0,7,0,2,1,3,0,2,0,0,0,0,0,0,0,0,2,0,1,6,13
2024-10-15,2,43,24,19,9,0,12,5,7,9,0,1,9,3,2,23,15,14,0,0,7,1,0,11,0,0,3,3,0,3,0,0,0,3,0,0,0,0,0,0,2,6,12
2024-10-16,8,44,19,13,8,0,5,1,7,5,0,5,9,2,2,14,11,3,0,0,10,5,0,7,0,0,0,1,1,3,0,1,0,0,1,0,0,0,0,0,2,4,9
2024-10-17,6,48,44,15,24,0,5,7,9,2,0,2,14,3,2,24,18,11,0,0,10,1,0,6,0,3,0,1,3,4,0,0,0,0,1,0,0,0,0,0,2,8,2
2024-10-18,12,43,50,20,27,0,7,7,17,4,0,2,7,3,3,29,19,15,2,0,11,5,0,3,0,5,1,3,0,1,0,0,0,1,3,0,0,0,0,0,3,4,13
2024-10-21,5,32,32,17,10,0,9,4,13,5,0,5,7,7,1,15,5,6,4,0,9,12,0,6,0,4,2,4,3,0,0,0,0,0,4,0,0,0,0,0,6,5,4
2024-10-22,10,45,32,24,21,0,16,10,7,8,0,2,7,6,3,23,18,15,13,0,10,9,0,10,0,8,11,7,2,4,0,0,0,2,2,0,0,0,2,0,5,7,7
2024-10-23,10,47,28,29,12,0,24,4,7,4,0,0,9,5,5,28,21,8,14,0,12,12,0,1,0,0,3,4,1,1,0,0,0,0,2,0,0,0,0,0,2,1,1
2024-10-24,0,32,15,7,9,0,5,2,3,4,0,0,2,9,3,27,9,6,1,0,5,2,0,8,0,2,0,3,2,0,0,2,0,2,1,0,0,0,0,0,6,5,2
2024-10-25,7,30,25,11,15,0,13,3,12,1,0,4,6,7,11,23,11,16,7,0,12,15,0,3,0,4,0,1,2,1,0,0,1,0,1,0,0,0,0,0,6,9,9
2024-10-28,17,38,41,22,10,0,8,2,4,8,0,2,9,6,7,18,17,10,10,0,12,7,0,3,0,0,4,4,0,2,0,0,0,0,1,0,0,0,0,0,3,4,1
2024-10-29,2,43,40,31,15,0,5,8,6,4,0,2,7,4,2,12,14,9,9,0,10,6,0,7,0,1,0,2,0,0,0,0,0,0,1,0,0,0,0,0,2,7,2
2024-10-30,6,30,44,27,19,0,3,7,14,5,0,1,5,6,1,16,30,12,9,0,15,7,0,4,0,3,0,0,0,1,0,0,0,5,0,0,0,0,0,0,1,4,3
2024-10-31,14,27,31,18,14,0,4,5,14,6,0,6,7,7,8,24,21,14,8,0,9,4,0,8,0,3,0,2,1,1,0,1,0,0,4,0,0,0,2,0,2,8,5
2024-11-01,10,41,20,17,8,0,8,7,7,8,0,1,10,8,0,19,16,13,9,0,13,5,0,5,0,3,0,4,3,1,0,2,0,0,0,0,0,0,0,0,2,3,4
2024-11-05,5,38,47,20,20,0,10,3,16,7,0,2,8,7,0,30,9,18,11,0,12,9,0,5,0,1,3,4,1,1,0,0,0,0,1,0,0,0,2,0,2,5,3
2024-11-06,7,41,30,22,13,0,9,4,15,8,0,3,6,10,2,27,14,11,10,0,21,6,0,3,0,4,0,2,3,2,1,0,0,0,0,0,0,0,0,0,4,6,4
2024-11-07,5,46,23,20,19,0,2,2,14,7,0,1,7,3,0,21,11,14,7,0,12,7,0,8,0,7,1,3,1,3,1,1,0,2,2,0,0,0,1,0,1,5,3
2024-11-08,7,37,34,13,14,0,0,11,12,5,0,8,7,6,1,19,11,15,16,0,15,6,0,7,0,2,0,3,5,1,0,3,0,1,2,0,0,0,0,0,2,1,10
2024-11-11,1,36,33,28,5,0,5,5,12,9,0,1,4,3,0,17,7,7,11,0,9,6,0,3,0,1,1,2,0,1,0,0,0,0,1,0,0,0,0,0,2,2,1
2024-11-12,4,35,30,16,15,0,1,6,9,9,0,4,8,5,10,11,7,13,14,0,17,6,0,2,0,0,0,2,1,2,0,0,0,0,0,0,0,0,3,0,1,5,3
2024-11-13,10,43,34,21,15,0,8,5,6,9,0,1,9,9,3,23,6,12,21,0,26,7,0,3,0,5,3,5,1,0,0,0,0,3,1,0,0,0,2,0,2,3,3
2024-11-14,12,29,25,9,21,0,1,7,11,7,0,3,3,3,3,21,6,15,23,0,10,8,0,8,0,4,0,5,2,2,0,3,0,0,0,0,0,0,0,0,0,13,4
2024-11-15,11,52,44,26,11,0,7,6,5,6,0,9,10,4,3,29,17,25,15,0,5,5,0,9,0,1,0,5,3,1,0,0,0,0,0,0,0,0,0,0,1,9,2
2024-11-19,6,57,44,21,14,0,7,7,13,6,0,2,6,9,5,23,13,12,17,0,7,7,0,5,0,0,1,9,1,0,0,1,0,0,0,0,0,0,0,0,5,8,2
2024-11-20,8,44,22,19,12,0,6,5,8,11,0,2,17,10,3,21,13,20,10,0,8,10,0,3,0,3,0,1,3,2,0,0,0,1,0,0,0,0,1,0,1,2,2
2024-11-21,10,49,22,19,5,0,1,2,10,7,0,2,1,3,1,18,10,15,13,0,9,8,0,8,0,0,0,2,1,2,0,0,0,0,0,0,0,1,1,0,3,4,3
2024-11-22,9,45,33,25,10,0,2,5,10,1,0,1,3,4,1,22,14,9,13,0,11,8,0,2,0,1,0,3,3,1,0,1,0,0,1,0,0,0,0,0,4,6,1
2024-11-25,4,46,27,23,8,0,2,3,9,7,0,2,5,5,4,19,7,16,20,0,14,6,0,2,0,0,0,1,3,1,0,0,0,3,0,0,0,0,0,0,1,0,3
2024-11-26,3,54,25,18,13,0,7,7,9,7,0,3,8,4,3,18,16,19,19,0,12,8,0,0,0,0,0,0,0,0,0,0,0,0,1,0,0,0,1,0,1,9,6
2024-11-27,8,46,31,17,13,0,6,6,8,5,0,6,3,8,5,12,18,16,12,0,5,4,0,0,0,6,1,6,2,3,1,0,0,0,3,0,0,0,3,0,2,4,3
2024-11-28,3,35,34,14,7,0,9,3,11,4,0,1,2,13,3,14,6,8,10,0,7,3,0,4,0,7,2,0,4,2,0,0,0,0,3,0,0,0,0,0,3,2,1
2024-11-29,9,56,25,30,11,0,10,7,17,1,0,4,5,6,2,24,13,17,16,0,17,4,0,2,0,3,0,3,0,2,0,0,3,0,5,0,0,0,0,0,2,4,2
2024-12-02,5,58,41,20,18,0,6,4,14,5,0,1,4,7,1,30,12,20,21,0,15,7,0,0,0,0,0,4,4,2,0,0,0,2,0,0,0,0,0,0,3,3,5
2024-12-03,4,48,34,26,13,0,5,0,12,9,0,0,6,7,4,28,12,25,15,0,9,2,0,2,0,1,0,1,1,2,0,0,5,0,1,0,0,0,0,0,0,1,2
2024-12-04,15,35,23,11,20,0,5,7,9,2,0,2,4,3,1,23,10,14,24,0,16,4,0,3,0,1,0,8,1,1,0,0,0,1,0,0,0,0,0,0,1,2,3
2024-12-05,2,24,25,9,14,0,7,2,10,16,0,3,0,3,2,7,7,6,11,0,3,2,0,5,0,0,1,3,1,2,0,0,0,0,2,0,0,0,1,0,1,3,2
2024-12-06,9,37,27,17,11,0,5,0,1,4,0,2,1,2,1,16,20,16,18,0,7,2,0,4,0,0,0,1,7,1,0,0,0,0,0,0,0,0,2,0,3,4,3
2024-12-09,8,36,34,11,5,0,6,3,4,1,0,1,3,2,1,17,14,9,16,0,10,7,0,5,0,1,0,5,2,1,0,0,6,0,1,0,0,0,1,0,6,5,1
2024-12-10,6,36,19,25,14,0,7,5,9,8,0,2,5,9,3,14,15,15,12,0,13,4,0,5,0,0,0,1,0,1,0,0,2,0,2,0,0,0,1,0,6,15,4
2024-12-11,7,45,39,20,15,0,4,9,4,8,0,1,5,3,6,31,14,7,12,0,5,6,0,10,0,2,0,6,5,0,0,0,0,0,0,0,0,0,1,0,4,12,1
2024-12-12,2,38,16,14,3,0,8,5,4,2,0,0,3,1,1,19,10,10,13,0,3,5,0,10,0,0,0,2,1,2,0,1,4,0,0,0,0,0,0,0,4,10,3
2024-12-13,6,46,30,12,10,0,7,8,4,6,0,2,4,6,7,15,5,12,7,0,5,3,0,17,0,0,1,1,0,0,1,1,0,0,0,0,0,0,1,0,5,5,2
2024-12-16,9,43,29,8,12,0,5,4,9,5,0,4,5,4,1,15,14,18,16,0,7,6,0,17,0,0,1,4,0,2,0,0,0,0,0,0,0,0,0,0,8,5,1
2024-12-17,6,35,25,16,19,0,0,2,6,7,0,5,6,5,3,11,10,18,11,0,7,2,0,11,0,2,0,2,1,0,0,1,0,0,0,0,0,0,0,0,3,7,1
2024-12-18,4,31,25,13,6,0,2,5,5,5,0,2,4,2,0,20,5,6,6,0,3,1,0,5,0,0,0,1,1,2,0,0,5,0,0,0,0,0,0,0,2,1,3
2024-12-19,11,34,44,21,28,0,5,7,11,6,0,0,5,12,4,13,10,15,13,0,10,7,0,5,0,3,0,4,2,1,0,0,0,0,1,0,0,0,0,0,0,11,4
2024-12-20,4,38,27,21,17,0,2,15,9,3,0,1,7,5,0,18,3,14,10,0,10,3,0,6,0,2,0,4,0,2,0,0,0,0,0,0,0,0,0,0,3,14,4
2024-12-23,2,30,23,12,1,0,1,2,8,2,0,2,5,3,1,12,8,4,7,0,3,4,0,8,0,1,0,0,0,2,0,0,0,0,2,0,0,2,0,0,2,2,1
2024-12-26,8,33,22,13,14,0,4,6,7,6,0,2,6,8,2,9,6,6,10,0,6,9,0,9,0,4,0,4,2,1,0,1,0,0,0,0,0,0,0,0,3,4,2
2024-12-27,7,42,21,16,14,0,10,6,13,6,0,2,4,8,1,16,10,7,12,0,8,4,0,6,0,5,1,5,1,4,0,0,1,0,4,0,0,0,0,0,1,1,3
2024-12-30,4,49,37,21,12,0,1,19,11,6,0,3,10,6,5,15,9,16,11,0,5,4,0,3,0,1,2,2,0,2,0,0,4,0,2,0,0,0,0,0,2,3,1
2025-01-02,3,27,22,16,5,0,2,2,14,0,0,5,7,3,1,7,9,6,5,0,5,5,0,4,0,2,0,7,2,0,0,0,0,0,2,0,0,0,1,0,4,1,1
2025-01-03,4,78,42,15,6,0,6,4,4,7,0,2,15,3,1,9,4,13,10,0,11,4,0,6,0,0,1,3,0,1,0,0,0,0,3,0,0,0,4,0,3,2,1
2025-01-07,8,164,54,24,11,0,4,4,4,14,0,2,10,7,4,14,10,6,17,0,12,3,0,5,0,2,0,7,8,2,0,0,0,0,0,0,0,0,0,0,3,0,2
2025-01-08,7,158,41,21,16,0,4,1,4,2,0,3,7,7,2,19,11,15,18,0,9,4,0,5,0,3,1,3,0,4,0,1,0,0,1,0,0,0,1,0,3,1,1
2025-01-09,8,141,38,14,14,0,9,2,0,12,0,4,8,4,1,16,4,7,8,0,14,5,0,1,0,2,3,7,0,1,0,0,0,0,1,0,0,0,1,0,2,5,1
2025-01-10,14,145,39,19,14,0,6,2,6,9,0,4,7,4,4,9,9,9,13,0,8,4,0,3,0,5,1,0,2,1,0,0,0,0,2,0,0,0,0,0,0,3,2
2025-01-14,7,0,59,31,18,0,4,0,8,4,0,2,10,3,3,11,13,14,17,0,15,3,0,5,0,2,2,3,0,0,0,1,0,0,2,0,0,0,0,0,4,9,3
2025-01-15,4,0,52,12,12,0,6,2,8,4,0,0,10,1,4,8,12,18,9,0,11,14,0,2,0,0,3,5,0,1,0,0,1,0,5,0,0,0,1,0,6,16,2
2025-01-16,8,31,77,17,6,0,8,2,12,4,0,0,8,7,6,16,12,12,14,0,7,7,0,1,0,0,0,3,1,2,0,0,3,0,3,0,0,0,0,0,7,6,2
2025-01-17,21,45,66,16,9,0,4,7,10,7,0,4,9,13,1,19,12,13,20,0,10,7,0,7,0,0,1,2,2,0,0,0,0,0,2,0,0,0,1,0,2,5,1
2025-01-20,3,39,40,21,18,0,4,3,7,7,0,0,7,14,2,23,11,16,14,0,10,6,0,5,0,1,0,4,0,0,0,0,0,0,0,0,0,0,0,0,0,1,3
2025-01-21,5,30,56,26,13,0,3,4,13,7,0,0,10,7,3,12,11,7,10,0,15,3,0,0,0,1,1,5,0,3,0,0,0,0,0,0,0,0,0,0,2,1,0
2025-01-22,6,40,47,17,13,0,1,0,4,8,0,2,9,7,1,18,13,14,5,0,8,4,0,3,0,1,3,2,0,2,1,0,0,0,0,0,0,0,0,0,0,9,2
2025-01-23,23,49,88,17,15,0,7,4,13,7,0,3,7,5,4,17,14,20,20,0,6,6,0,3,0,0,7,3,0,3,0,0,1,0,0,0,0,0,0,0,3,2,1
2025-01-24,7,38,62,21,11,0,6,3,7,9,0,0,5,6,5,21,8,18,9,0,8,6,0,3,0,3,2,4,0,0,0,0,0,0,0,0,0,0,0,0,2,14,0
2025-01-27,7,34,60,17,11,0,6,4,1,13,0,0,9,7,2,12,14,11,26,0,7,7,0,1,0,2,1,3,1,0,0,0,0,0,1,0,0,0,0,0,0,4,1
2025-01-28,9,30,55,14,19,0,2,2,6,5,0,2,6,5,1,27,9,11,31,0,11,4,0,0,0,0,3,3,0,0,0,0,0,0,0,0,0,0,0,0,4,2,0
2025-01-29,6,20,46,17,5,0,2,2,4,4,0,3,7,9,5,12,5,7,9,0,4,3,0,0,0,0,3,1,0,11,0,0,0,0,0,0,0,0,0,0,2,7,0
2025-01-30,11,45,64,16,17,0,8,3,6,4,0,4,12,3,1,17,16,11,13,0,16,9,0,6,0,0,5,4,1,2,0,0,0,0,0,0,0,0,0,0,4,5,0
2025-01-31,17,45,108,20,10,0,2,0,7,5,0,5,12,10,5,27,22,16,24,0,10,7,0,3,0,1,6,0,5,2,0,0,0,2,0,0,0,0,3,0,2,10,2
2025-02-03,7,20,56,12,7,0,8,4,4,4,0,1,6,9,0,10,21,8,16,0,5,2,0,2,0,1,0,4,2,0,0,0,0,0,0,0,0,0,0,0,5,3,0
2025-02-04,14,28,85,20,13,0,2,6,14,5,0,4,9,9,5,14,15,7,23,0,12,17,0,4,0,3,1,9,1,0,0,0,0,0,1,0,0,0,0,0,5,5,0
2025-02-05,11,26,70,17,6,0,6,9,8,13,0,4,8,4,2,23,11,6,24,0,11,17,0,5,0,5,0,2,0,2,0,0,0,0,1,0,0,0,0,0,6,6,0
2025-02-06,13,30,42,17,10,0,3,2,6,4,0,4,1,10,8,17,9,15,22,0,13,8,0,2,0,1,7,2,0,0,0,0,0,0,1,0,0,0,0,0,1,3,1
2025-02-07,2,34,61,22,11,0,4,1,5,1,0,1,1,5,2,28,27,19,18,0,9,3,0,2,0,2,8,0,0,2,0,0,0,0,0,0,0,0,0,0,1,1,0
2025-02-10,2,33,58,26,10,0,5,4,8,5,0,0,8,8,1,26,7,14,20,0,13,10,0,2,0,4,12,1,0,4,0,0,0,0,3,0,0,0,0,0,1,3,0
2025-02-11,6,25,67,23,8,0,1,6,8,10,0,1,4,7,1,21,6,10,13,0,13,16,0,0,0,1,11,0,0,6,0,0,0,0,2,0,0,0,0,0,0,0,0
2025-02-12,6,41,49,33,4,0,17,7,7,6,0,2,5,14,11,16,11,11,17,0,6,13,0,2,0,0,6,9,2,6,0,1,0,0,4,0,0,0,2,0,3,5,0
2025-02-13,14,34,58,15,12,0,5,12,5,10,0,1,7,5,7,28,11,12,20,0,10,10,0,6,0,2,13,7,0,0,0,0,0,0,3,0,0,0,0,0,5,8,3
2025-02-14,9,18,51,15,13,0,3,4,5,6,0,0,1,6,1,27,10,13,14,0,13,9,0,1,0,3,1,1,3,2,0,0,0,0,1,0,0,0,1,0,0,4,0
2025-02-17,21,38,64,19,29,0,8,9,8,5,0,0,10,9,6,21,21,25,26,0,12,12,0,1,0,1,0,8,0,0,0,0,0,0,1,0,0,0,1,0,6,5,3
2025-02-18,13,33,59,19,21,0,4,8,10,12,0,2,10,10,6,35,17,21,24,0,18,9,0,7,0,2,0,7,0,0,0,0,0,0,0,0,0,0,0,0,6,5,0
2025-02-19,5,32,45,20,25,0,2,3,7,6,0,4,4,9,2,22,15,9,18,0,27,8,0,1,0,0,3,6,3,2,0,0,0,0,0,0,1,0,0,0,5,3,1
2025-02-20,15,22,54,18,20,0,7,3,6,11,0,4,4,6,7,20,11,7,24,0,15,5,0,3,0,3,9,2,7,4,0,0,0,0,1,0,0,0,0,0,2,2,0
2025-02-21,15,40,61,32,20,0,4,12,13,10,0,0,18,5,6,36,12,16,39,0,21,5,0,4,0,2,3,11,2,3,0,2,0,1,1,0,0,0,1,0,4,6,0
2025-02-24,14,25,56,13,19,0,6,3,5,12,0,0,7,5,6,14,14,14,16,0,8,4,0,2,0,0,0,1,1,0,0,0,0,0,1,0,0,0,0,0,2,9,0
2025-02-25,8,24,63,15,6,0,2,4,9,7,0,2,8,5,5,14,15,14,26,0,14,1,0,1,0,0,2,0,6,3,0,0,0,0,1,0,0,0,0,0,2,6,0
2025-02-26,18,34,51,19,12,0,8,1,12,6,0,4,10,6,6,26,10,17,20,0,13,6,0,5,0,0,4,9,2,1,0,0,0,0,1,0,0,0,0,0,5,8,1
2025-02-27,7,14,52,24,14,0,12,7,8,3,0,4,6,6,7,14,6,16,15,0,12,5,0,2,0,0,3,9,4,4,0,2,0,0,1,0,0,0,0,0,2,0,0
2025-02-28,12,33,45,14,16,0,2,7,13,5,0,3,3,8,1,17,3,11,23,0,7,9,0,0,0,2,3,4,3,2,0,0,0,0,4,0,0,0,0,0,1,2,1
2025-03-05,13,35,51,20,15,0,5,2,9,24,0,3,9,5,7,20,15,14,24,0,13,8,0,3,0,0,6,5,2,2,0,0,0,0,0,0,0,0,0,0,2,7,2
2025-03-06,8,43,58,18,10,0,1,13,8,21,0,3,4,9,5,22,7,11,19,0,16,8,0,1,1,0,13,11,12,0,0,0,0,0,2,0,0,0,0,0,2,3,2
2025-03-07,5,29,58,20,14,0,5,3,1,7,0,3,4,4,2,19,12,4,14,0,4,2,0,5,1,0,4,1,5,2,0,0,0,0,0,0,0,0,0,0,10,15,0
2025-03-10,17,36,62,25,17,0,4,4,12,9,0,2,6,8,7,29,21,22,27,0,24,12,0,5,1,0,12,2,11,2,0,1,0,0,0,0,0,0,0,0,1,5,0
2025-03-11,5,32,52,22,14,0,5,10,6,14,0,0,6,4,6,23,12,15,16,0,16,8,0,4,0,0,9,2,3,10,0,0,0,0,0,0,0,0,1,0,1,1,2
2025-03-12,10,23,43,16,9,0,4,3,7,12,0,6,10,5,1,14,3,8,16,0,15,6,0,2,0,1,5,3,0,0,0,1,0,0,1,0,0,0,0,0,10,2,2
2025-03-13,11,32,46,21,6,0,5,7,3,11,0,5,10,7,2,23,9,8,10,0,19,8,0,4,1,5,7,5,3,0,0,0,0,0,0,0,0,0,0,0,1,7,3
2025-03-14,7,35,61,28,21,0,5,12,0,13,0,1,7,13,9,24,10,11,24,0,12,18,0,5,0,4,10,17,11,8,0,0,0,0,0,0,0,0,0,0,5,2,1
2025-03-17,5,37,74,37,25,0,2,3,15,7,0,2,7,11,0,33,20,26,16,0,24,19,0,4,0,2,5,5,6,1,0,0,0,0,0,0,0,0,0,0,2,4,2
2025-03-18,11,27,86,35,21,0,7,3,12,10,0,0,4,6,3,27,11,14,12,0,7,11,0,2,0,10,8,8,7,1,0,3,0,0,3,0,0,0,0,0,3,9,2
2025-03-20,11,32,51,24,13,0,4,4,19,6,0,2,5,9,2,24,12,12,15,0,10,8,0,0,0,3,5,7,2,1,0,0,0,0,1,0,0,0,0,0,6,1,1
2025-03-21,14,23,39,12,14,0,3,7,7,4,0,3,11,3,2,17,4,13,14,0,6,4,0,2,0,8,10,5,9,43,0,0,0,0,1,0,0,0,0,0,4,1,0
2025-03-24,8,31,58,16,17,0,7,4,11,3,0,3,5,9,3,24,18,12,20,0,14,11,0,2,0,1,10,8,2,46,0,0,0,0,0,0,0,0,0,0,1,8,0
2025-03-25,8,38,45,22,12,0,2,10,10,13,0,0,3,8,4,9,10,17,10,0,20,18,0,2,0,6,2,12,3,50,0,0,0,0,1,0,0,0,0,0,6,2,1
2025-03-26,15,32,61,20,24,0,8,4,19,17,0,3,4,7,4,26,19,14,19,0,20,8,0,3,0,0,8,5,7,48,0,0,2,0,0,0,0,0,0,0,3,5,1
2025-03-27,3,36,44,12,14,0,4,9,10,12,0,1,2,12,1,25,10,11,12,0,8,3,0,2,0,0,14,5,0,50,0,0,0,0,0,0,0,0,0,0,1,3,2
2025-03-28,8,30,54,33,15,0,9,13,17,10,0,5,18,6,5,28,15,14,27,0,18,11,0,3,0,2,3,6,1,9,0,0,0,0,0,0,0,0,0,0,4,6,4
2025-03-31,7,26,49,22,8,0,4,9,10,12,0,3,15,11,9,27,7,10,19,0,19,5,0,0,0,2,6,8,1,7,0,2,0,0,7,0,0,0,0,0,2,3,0
2025-04-01,6,38,58,30,14,0,5,6,11,10,0,0,13,7,6,24,13,26,14,0,23,15,0,3,0,6,5,6,0,16,0,0,3,0,0,0,0,0,0,0,10,6,0
2025-04-02,11,46,54,20,21,0,1,7,9,2,0,7,5,6,6,22,14,20,14,0,12,8,0,1,0,0,10,4,1,2,0,0,1,0,0,0,0,0,0,0,6,3,0
2025-04-03,19,23,47,22,12,0,5,8,9,3,0,1,1,6,3,12,13,10,11,0,11,3,0,6,0,4,5,1,4,12,0,0,0,0,0,0,0,0,0,0,2,2,0
2025-04-04,6,28,49,10,13,0,1,6,10,6,0,0,5,4,2,16,6,11,16,0,8,6,0,0,0,3,5,8,2,9,0,0,0,0,0,0,0,0,0,0,0,3,0
2025-04-07,1,22,32,15,9,0,3,3,9,7,0,0,6,5,1,11,10,3,6,0,7,5,0,0,0,1,5,2,5,0,0,0,0,1,1,0,0,0,0,0,0,4,2
2025-04-08,9,32,55,16,7,0,4,3,6,10,0,0,11,12,2,13,3,19,9,0,9,1,0,1,0,4,8,5,5,1,0,0,0,0,0,0,0,0,0,0,6,3,0
2025-04-09,12,28,45,17,9,0,3,7,20,11,0,3,5,7,6,8,9,13,15,0,10,5,0,2,0,2,2,5,2,1,0,0,0,0,0,0,0,0,0,0,2,6,0
2025-04-10,4,34,38,19,15,0,4,1,12,6,0,2,12,4,4,17,10,17,10,0,15,7,0,1,0,2,3,5,11,4,0,0,0,0,0,0,0,0,0,0,5,0,0
2025-04-11,4,27,34,21,5,0,9,8,10,3,0,3,20,4,2,15,9,21,10,0,21,9,0,4,0,1,4,10,1,1,0,0,0,0,1,0,0,0,0,0,2,4,1
2025-04-14,4,41,37,16,11,0,5,3,7,4,0,5,6,4,2,10,15,12,15,0,6,9,0,0,0,2,3,6,1,0,0,1,0,0,0,0,0,0,0,0,2,0,0
2025-04-15,7,37,34,20,3,0,8,2,9,6,0,4,10,5,3,17,12,13,8,0,15,12,0,2,0,6,8,6,3,1,0,2,0,0,2,0,0,0,0,0,1,5,1
2025-04-16,8,44,46,23,7,0,6,6,16,5,0,4,13,5,8,22,7,18,24,0,16,8,0,5,0,8,7,6,0,9,0,0,0,0,1,0,0,0,0,0,3,1,3
2025-04-21,4,44,47,33,16,0,6,1,14,10,0,1,14,2,7,30,11,21,24,0,14,3,0,2,0,3,1,3,3,4,0,0,0,0,1,0,0,0,0,0,4,3,1
2025-04-22,6,29,47,18,18,0,5,7,10,6,0,1,5,2,3,15,15,10,14,0,9,5,0,2,0,2,3,1,1,1,0,0,0,0,0,0,0,0,0,0,3,3,2
2025-04-23,1,27,37,21,20,0,3,10,9,1,0,2,8,1,11,19,5,19,6,0,11,13,0,2,0,2,3,4,4,10,0,0,0,0,1,0,0,0,0,0,1,3,2
2025-04-24,1,21,45,14,22,0,3,10,9,12,0,1,9,9,4,18,8,12,17,0,20,7,0,0,0,0,0,3,3,1,0,0,0,0,0,0,0,0,0,0,2,3,1
2025-04-25,3,26,56,15,14,0,3,6,6,3,0,2,4,10,5,30,8,15,20,0,10,8,0,1,0,2,1,3,3,2,0,0,0,0,0,0,0,0,0,0,3,6,0
2025-04-28,4,26,47,24,10,0,1,3,5,1,0,3,4,2,2,10,9,9,18,0,18,11,0,4,0,2,6,2,0,5,0,0,0,0,2,0,0,0,0,0,1,1,0
2025-04-29,3,36,41,26,16,0,2,11,11,15,0,2,4,11,7,27,17,17,15,0,6,11,0,1,0,3,4,8,6,4,0,0,0,0,0,0,0,0,0,0,2,8,1
2025-04-30,4,57,45,22,11,0,4,6,7,5,0,3,10,12,3,24,19,24,23,0,14,5,0,3,0,2,3,0,1,3,0,0,0,0,0,0,0,0,0,0,6,6,0
2025-05-02,8,58,61,20,6,0,4,7,8,7,0,1,7,14,7,25,11,18,30,0,13,8,0,3,0,2,8,5,6,7,0,0,10,0,1,0,0,0,0,0,3,9,1
2025-05-05,6,24,58,28,12,0,7,6,7,12,0,1,5,5,2,34,9,20,16,0,11,7,0,4,0,0,4,1,0,0,0,0,23,0,2,0,0,0,0,0,3,2,0
2025-05-06,8,34,43,19,17,0,7,5,10,9,0,0,9,7,1,26,17,14,17,0,10,9,0,1,0,2,5,3,2,1,0,0,25,0,2,0,0,0,0,0,1,10,2
2025-05-07,6,23,37,20,8,0,5,11,15,3,0,1,12,12,6,29,13,17,50,0,8,8,0,3,0,1,1,5,0,4,0,0,7,0,0,0,0,0,0,0,2,6,1
2025-05-08,5,25,46,15,7,0,1,1,14,6,0,1,9,7,5,20,10,10,21,0,7,11,0,1,0,0,4,5,4,2,0,1,9,0,0,0,0,0,0,0,1,4,1
2025-05-09,7,25,41,15,10,0,0,0,15,8,0,1,4,5,3,15,16,10,23,0,11,5,0,3,0,12,1,0,1,5,0,2,5,0,1,0,0,0,0,0,3,4,0
2025-05-12,9,15,30,21,12,0,4,1,5,6,0,1,2,7,12,24,6,13,20,0,7,6,0,3,0,1,2,3,0,3,0,3,11,0,4,0,0,0,0,0,9,4,0
2025-05-13,5,29,31,22,22,0,2,1,7,3,0,1,6,13,12,11,8,16,17,0,4,8,0,4,0,0,1,3,1,1,0,1,3,0,1,0,0,0,0,0,1,3,0
2025-05-14,10,32,33,14,13,0,4,6,14,4,0,0,5,11,2,20,11,14,23,0,1,7,0,3,0,2,4,3,5,14,0,1,3,0,0,0,0,0,0,0,0,7,0
2025-05-15,14,25,40,21,6,0,2,5,16,7,0,1,8,17,4,16,7,20,21,0,5,3,0,6,0,2,4,4,4,9,0,3,9,0,0,0,0,0,0,0,9,6,0
2025-05-16,8,34,70,32,15,0,6,20,11,11,0,2,15,11,5,22,21,17,17,0,24,5,0,5,0,5,9,2,4,0,0,0,11,0,1,0,0,0,0,0,9,3,0
2025-05-19,14,34,76,25,27,0,11,11,17,11,0,4,13,7,3,29,12,20,38,0,22,12,0,1,0,2,4,8,5,14,1,0,8,0,2,0,0,0,0,0,5,1,1
2025-05-20,9,28,58,26,15,0,4,10,12,4,0,0,11,5,10,21,11,13,16,0,16,6,0,1,0,5,4,5,2,0,0,0,7,0,2,0,0,0,0,0,2,10,1
2025-05-21,6,27,51,27,27,0,2,3,16,5,0,5,23,9,4,23,10,20,21,0,16,1,0,0,0,9,6,4,2,8,0,1,8,0,1,0,0,0,0,0,2,4,1
2025-05-22,5,27,44,20,14,0,5,4,6,7,0,0,14,8,4,19,22,12,19,0,12,7,0,1,0,5,6,5,1,3,0,1,13,0,4,0,0,0,0,0,0,2,0
2025-05-23,11,41,63,26,32,0,9,7,16,8,0,7,13,9,3,31,16,16,24,0,17,9,0,1,0,6,7,4,0,0,0,1,5,0,0,0,0,0,0,0,2,6,0
2025-05-26,9,38,43,20,10,0,0,2,4,5,0,4,17,5,1,19,12,12,16,0,10,6,0,0,0,3,0,5,0,0,0,1,5,0,0,0,1,0,0,0,2,10,0
2025-05-27,17,38,44,16,27,0,2,4,12,6,0,1,10,2,3,15,10,10,16,0,18,5,0,0,0,6,3,3,3,4,0,0,8,0,0,0,1,0,0,0,0,1,1
2025-05-28,10,25,37,20,18,0,4,10,4,9,0,1,15,10,3,32,10,14,14,0,9,4,0,5,0,2,4,5,6,3,0,0,9,0,0,0,0,0,0,0,1,3,0
2025-05-29,9,19,55,26,22,0,7,6,11,8,0,2,6,7,0,21,12,21,17,0,14,10,0,3,0,4,5,4,0,1,0,0,5,0,0,0,0,0,0,0,0,5,0
2025-05-30,8,29,49,24,15,0,6,4,22,3,0,6,11,12,4,25,24,24,19,0,7,8,0,2,0,13,4,3,0,0,0,0,0,0,0,0,0,0,0,0,4,5,0
2025-06-03,6,32,49,19,8,0,3,5,14,2,0,3,8,10,2,26,8,11,24,0,8,5,0,3,0,5,1,4,0,2,0,0,0,0,0,0,0,0,0,0,4,7,0
2025-06-04,10,36,61,33,17,0,6,7,13,12,0,6,12,5,6,26,10,17,18,0,13,7,0,2,0,9,3,6,5,7,0,0,7,0,2,0,0,0,0,0,4,8,0
2025-06-05,9,34,35,23,17,0,4,4,7,7,0,7,18,6,5,18,16,13,14,0,12,6,0,2,0,17,4,5,0,4,0,1,8,0,0,0,0,0,1,0,5,4,0
2025-06-06,7,35,48,37,22,0,8,10,27,13,0,3,15,13,5,30,17,17,33,0,13,15,0,3,0,7,9,3,1,1,0,4,7,1,2,0,0,0,0,0,2,9,1
2025-06-09,7,35,74,27,35,0,5,5,5,3,0,2,12,11,10,32,13,19,18,0,9,4,0,3,0,2,4,1,1,5,0,2,13,0,2,0,0,0,0,0,4,12,1
2025-06-10,4,23,61,34,12,0,3,5,17,10,0,1,6,4,2,38,19,18,21,0,13,4,0,6,0,6,8,0,0,3,0,0,18,0,0,0,0,0,0,0,3,8,1
2025-06-11,5,28,48,28,11,0,3,2,13,8,0,4,7,11,10,30,26,17,17,0,14,12,0,2,0,5,0,5,0,4,0,0,14,0,0,0,0,0,0,0,3,5,0
2025-06-12,4,26,57,22,15,0,4,5,9,6,0,8,19,13,8,20,14,9,39,0,16,3,0,2,0,8,0,1,2,3,0,2,11,0,0,0,0,0,0,0,3,14,2
2025-06-13,12,38,73,39,13,0,3,5,15,8,0,9,10,16,5,29,34,22,25,0,15,8,0,4,0,2,7,9,1,4,0,0,14,0,1,0,0,0,0,0,8,19,0
2025-06-17,6,26,49,15,17,0,5,3,5,9,0,4,23,17,5,22,21,16,15,0,11,8,0,4,0,2,5,5,0,1,0,0,10,0,0,0,0,0,0,0,4,15,2
2025-06-18,14,35,48,21,15,0,6,3,12,9,0,12,13,10,7,37,13,23,16,0,18,17,0,0,0,3,4,7,0,1,0,0,5,0,0,0,0,0,0,0,11,12,1
2025-06-19,5,36,62,24,21,0,3,4,10,3,0,11,10,8,7,41,25,22,11,0,10,8,0,0,0,4,2,4,0,2,0,0,8,0,2,0,0,0,0,0,27,4,0
2025-06-20,14,33,41,29,18,0,6,6,17,8,0,8,14,8,7,32,26,11,29,0,15,14,0,3,0,3,1,6,4,3,0,0,1,0,1,0,0,0,0,0,2,3,1
2025-06-25,2,29,61,22,25,0,12,10,8,5,0,2,9,3,1,29,11,11,14,0,15,6,0,4,0,2,2,1,4,7,0,0,4,0,2,0,0,0,0,0,3,8,0
2025-06-26,4,32,76,31,19,0,10,14,16,3,0,10,20,8,4,18,16,17,23,0,23,13,0,1,0,4,5,13,2,1,0,1,15,0,0,0,0,0,0,0,4,12,0
2025-06-27,7,51,63,41,23,0,3,9,11,10,0,11,12,11,15,29,19,22,21,0,17,3,0,0,0,3,4,13,1,7,0,1,16,0,1,0,0,0,0,0,5,11,0
2025-06-30,4,30,45,19,7,0,6,0,6,0,0,2,12,4,1,17,20,4,14,0,6,5,0,0,0,0,5,2,0,1,0,0,10,0,0,0,0,0,0,0,5,11,2
2025-07-01,7,22,55,49,22,0,6,6,19,5,0,10,5,13,13,33,28,33,24,0,16,20,0,3,0,8,5,17,2,2,1,0,12,0,0,0,0,0,0,0,4,5,3
2025-07-02,15,36,67,38,25,0,2,3,22,7,0,6,22,8,10,33,29,24,30,0,20,10,0,1,0,7,7,7,1,0,1,1,15,0,0,0,0,0,0,0,2,5,2
2025-07-03,9,19,47,26,21,0,5,6,11,1,0,9,16,6,12,29,16,16,24,0,19,9,0,3,0,4,12,7,4,1,1,0,9,0,0,0,0,0,0,0,2,5,0
2025-07-04,10,40,70,28,23,0,0,11,13,16,0,10,14,9,5,32,18,38,26,0,11,17,0,1,0,5,8,10,1,1,1,3,7,0,3,0,0,0,0,0,5,8,1
2025-07-07,13,24,63,33,14,0,3,1,16,5,0,3,21,9,8,31,9,21,18,0,9,12,0,5,0,7,6,12,2,4,0,0,8,0,0,0,0,0,0,0,2,1,3
2025-07-08,3,29,40,14,24,0,4,4,9,9,0,10,9,2,6,19,6,14,10,0,9,7,0,0,0,1,5,9,3,3,0,0,3,1,2,0,0,0,0,0,4,4,4
2025-07-09,2,28,55,28,22,0,4,4,16,9,0,3,21,7,8,35,11,15,23,0,13,7,0,2,0,7,5,4,6,1,0,0,10,0,1,0,0,0,0,0,3,8,6
2025-07-10,12,22,52,20,18,0,2,5,18,12,0,13,23,3,2,30,13,23,31,0,14,10,0,3,0,10,2,7,1,4,0,0,3,0,1,0,0,0,0,0,8,2,2
2025-07-11,10,42,45,32,21,0,5,8,15,1,0,4,6,6,6,40,16,25,19,0,12,10,0,2,0,8,3,6,12,1,0,0,6,0,0,0,0,0,0,0,13,1,4
2025-07-14,15,45,58,32,26,0,12,4,19,7,0,5,23,3,3,25,22,22,33,0,15,11,0,3,0,9,6,9,2,0,0,1,12,0,2,0,0,0,0,0,1,3,2
2025-07-15,8,30,54,29,23,0,6,6,14,9,0,7,26,7,5,36,17,17,37,0,19,17,0,1,0,10,9,11,3,3,0,1,7,0,4,0,0,0,0,0,2,5,2
2025-07-16,10,34,81,41,22,0,4,5,21,0,0,8,22,9,11,41,26,36,36,0,13,13,0,1,0,9,5,12,1,1,0,0,6,0,0,0,0,0,0,0,4,3,3
2025-07-17,16,37,81,29,24,0,6,12,21,8,0,6,15,17,6,33,13,14,30,0,7,8,0,4,0,5,8,5,2,8,0,2,6,0,2,0,0,0,0,0,4,7,2
2025-07-18,6,35,82,31,29,0,9,5,15,10,0,7,23,9,7,23,30,26,42,0,13,14,0,0,0,7,4,10,7,0,0,3,6,0,2,0,0,0,0,0,7,5,1
2025-07-21,13,46,96,47,28,0,10,10,15,11,0,8,24,10,13,27,24,20,33,0,16,17,0,5,0,2,3,8,4,2,0,0,8,0,0,0,0,0,0,0,5,6,2
2025-07-22,6,39,84,34,25,0,8,7,33,12,0,10,23,1,7,41,15,19,36,0,19,10,0,2,0,10,6,12,2,0,0,1,4,0,2,0,0,0,0,0,4,10,0
2025-07-23,6,38,78,20,28,0,3,8,15,6,0,5,18,9,7,26,28,23,32,0,9,8,0,1,0,4,8,6,1,2,0,0,8,1,1,0,0,1,0,0,1,7,1
2025-07-25,16,59,112,48,26,0,4,13,16,8,0,9,19,8,5,43,26,25,43,0,13,16,0,3,0,12,9,8,4,5,0,2,6,0,4,0,0,0,0,0,3,7,0
2025-07-28,12,25,85,21,30,0,6,10,14,5,0,1,15,5,11,24,10,19,27,0,12,6,0,1,0,5,1,1,1,4,0,1,3,0,0,0,0,0,0,0,4,8,0
2025-07-29,6,42,68,27,19,0,3,1,15,6,0,1,13,12,8,21,14,13,22,0,12,11,0,0,0,5,3,0,0,6,0,0,9,0,0,0,0,0,0,0,2,2,0
2025-07-30,16,43,86,41,28,0,4,6,22,11,0,1,14,9,5,42,29,20,47,0,20,16,0,4,0,5,10,4,0,1,0,0,6,0,1,0,0,0,0,0,4,1,2
2025-07-31,5,44,60,39,15,0,3,6,27,8,0,5,9,12,5,32,16,11,43,0,8,12,0,1,0,9,8,6,2,1,0,0,9,0,2,0,0,0,0,0,0,4,2
2025-08-01,13,37,62,35,25,0,8,1,23,6,0,8,12,13,4,31,13,19,48,0,19,19,0,2,0,13,10,10,4,4,0,0,13,0,0,0,0,0,0,0,5,4,0
2025-08-04,13,33,64,19,19,0,6,2,19,2,0,2,8,4,5,29,10,17,15,0,15,13,0,1,0,4,3,4,0,0,0,0,3,0,0,0,0,0,0,0,4,5,5
2025-08-05,13,52,87,57,41,0,14,16,32,13,0,8,35,23,15,58,25,24,44,0,18,28,0,7,0,5,7,24,5,1,0,0,8,0,5,0,0,0,0,0,5,8,9
2025-08-06,25,67,118,62,35,0,12,10,36,19,0,9,28,22,11,55,37,39,46,0,27,26,0,4,0,21,7,5,5,1,1,2,8,0,2,0,0,0,0,0,9,10,5
2025-08-07,13,45,72,23,21,0,10,3,16,10,0,6,22,12,14,50,16,18,32,0,23,14,0,2,0,9,10,4,1,3,0,0,10,0,0,0,0,0,0,0,6,6,6
2025-08-08,17,36,83,35,22,0,7,4,24,9,0,8,31,18,5,48,27,22,38,0,18,10,0,2,0,13,15,13,1,2,0,0,11,0,1,0,0,0,0,0,2,6,8
2025-08-11,29,41,118,57,34,0,16,4,36,9,0,16,19,21,6,37,37,30,33,0,48,25,0,5,0,8,18,14,0,3,0,0,16,0,5,0,0,0,0,0,2,9,5
2025-08-12,22,46,87,45,27,0,12,8,36,11,0,13,33,13,4,48,35,30,46,0,25,17,0,3,0,19,15,15,7,2,0,1,10,0,3,0,0,0,0,0,7,4,4
2025-08-13,12,60,86,49,32,0,13,5,40,9,0,5,36,11,9,57,30,17,38,0,24,24,0,7,0,10,15,11,1,4,0,2,8,0,2,0,0,0,0,0,2,12,4
2025-08-14,9,49,106,65,16,0,16,8,28,11,0,5,20,11,9,57,20,7,40,0,22,26,0,2,0,20,6,9,4,3,0,0,11,0,2,0,0,0,0,0,3,11,8
2025-08-15,22,62,106,68,47,0,11,19,32,9,0,10,30,20,8,54,29,27,51,0,19,24,0,11,0,17,14,13,8,1,0,0,23,0,3,0,0,0,0,0,3,15,3
2025-08-19,27,84,131,74,46,0,12,20,42,17,0,15,49,21,13,68,37,36,74,0,34,30,0,10,0,30,10,18,2,4,0,0,17,0,1,0,1,0,0,0,7,20,12
2025-08-20,30,47,112,56,51,0,16,16,32,13,0,13,30,22,12,64,48,27,38,0,27,22,0,3,0,11,10,22,4,6,0,0,13,0,0,0,1,0,0,0,1,7,7
2025-08-21,28,72,105,76,29,0,13,6,36,16,0,15,42,18,6,48,39,39,45,0,49,15,0,3,0,22,15,14,0,0,0,0,10,0,1,0,0,0,0,0,5,18,5
2025-08-22,20,56,84,43,28,0,8,15,22,14,0,7,26,13,9,37,34,29,49,0,34,17,0,10,0,18,9,4,3,3,0,0,12,0,3,0,0,0,0,0,3,3,3
2025-08-25,21,45,122,61,32,0,6,9,36,5,0,9,26,21,8,44,42,43,51,0,38,22,0,8,0,25,17,9,8,2,0,0,9,0,1,0,0,0,0,0,3,8,8
2025-08-26,18,44,95,62,31,0,14,11,31,9,0,7,18,14,8,52,25,32,41,0,34,22,0,5,0,27,16,12,6,4,0,0,5,0,0,0,0,0,0,0,6,10,4
2025-08-27,18,59,99,84,17,0,12,13,33,13,0,7,24,6,9,62,38,20,70,0,33,26,0,12,0,7,13,21,3,2,0,0,8,0,2,0,0,0,0,0,5,5,2
2025-08-28,29,70,90,77,30,0,12,9,42,15,0,9,25,14,6,45,27,32,102,0,28,11,0,6,0,18,13,14,2,5,0,1,2,0,0,0,0,0,0,0,6,9,5
2025-08-29,17,67,85,60,16,0,7,17,33,10,0,10,25,18,4,39,27,17,68,0,21,17,0,5,1,11,10,2,0,1,0,0,4,0,1,0,0,0,0,0,8,5,6
2025-09-01,39,101,149,121,33,0,13,18,58,29,0,9,37,19,6,106,41,49,115,0,49,36,0,11,0,25,26,13,1,5,1,0,14,0,2,0,0,0,0,0,3,6,11
2025-09-02,13,73,121,92,25,0,5,18,39,25,0,7,40,23,5,68,44,36,106,0,34,30,0,10,1,41,21,17,4,6,0,0,6,0,2,0,0,0,0,0,12,13,4
2025-09-03,10,47,62,53,15,0,11,9,17,11,0,3,13,15,7,49,14,21,39,0,27,16,0,8,1,4,5,16,2,2,0,0,8,0,4,0,0,0,0,0,8,10,4
2025-09-04,23,73,122,72,35,0,26,17,61,16,0,16,51,14,13,73,44,36,105,0,55,29,0,5,0,27,26,16,7,3,0,1,18,0,3,0,0,0,0,0,5,12,9
2025-09-05,18,68,132,80,41,0,22,9,55,15,0,15,39,19,10,86,52,38,108,0,53,35,0,4,1,22,29,12,3,2,0,0,0,2,1,0,0,0,0,0,6,8,4
2025-09-08,24,52,128,67,34,0,17,10,49,9,0,4,41,19,7,59,44,43,74,0,50,45,0,2,1,23,35,12,3,5,1,0,15,1,1,0,0,0,0,0,4,11,6
2025-09-09,16,114,122,64,19,0,26,17,52,8,0,6,39,16,2,64,40,40,57,0,43,47,0,9,0,26,27,13,1,4,0,1,16,0,0,0,0,0,0,0,5,6,7
2025-09-10,18,80,110,68,24,0,16,8,40,10,0,15,46,11,5,55,41,30,62,0,42,24,0,7,0,14,22,12,6,7,0,0,12,0,0,0,0,0,0,0,6,9,4
2025-09-11,16,64,119,50,31,0,10,14,44,5,0,9,21,6,6,65,24,23,51,0,41,23,0,2,0,17,20,8,1,4,0,0,18,0,0,0,0,0,0,0,8,7,5
2025-09-12,19,72,179,70,45,0,20,9,45,21,0,19,40,18,1,63,32,55,61,0,50,43,0,16,0,20,18,8,2,0,0,1,23,0,1,0,0,0,0,0,2,11,4
2025-09-16,25,100,195,107,48,0,19,11,80,14,0,24,48,19,10,98,51,67,89,0,53,59,0,11,0,24,35,20,11,0,0,1,25,0,3,0,0,0,0,0,6,5,5
2025-09-17,23,78,152,104,35,0,27,22,72,15,0,12,40,18,3,86,44,51,73,0,45,40,0,10,0,11,13,17,7,1,0,0,18,0,3,0,0,0,0,0,5,7,4
2025-09-18,14,69,108,90,33,0,12,15,52,16,0,12,36,14,7,87,46,45,67,0,33,26,0,10,1,11,18,21,3,2,0,0,9,0,2,0,0,0,0,0,7,2,7
2025-09-19,21,62,110,75,25,0,17,13,51,17,0,11,34,14,10,83,36,29,60,0,42,38,0,11,0,12,25,12,8,2,0,0,7,0,1,0,0,0,0,0,2,9,4
2025-09-22,15,67,141,63,25,0,17,13,59,28,0,14,30,12,1,68,40,39,78,0,60,35,0,12,0,16,17,12,8,3,0,0,16,0,0,0,0,0,0,0,1,3,5
2025-09-23,16,63,100,49,22,0,9,7,41,11,0,3,32,23,24,52,24,23,46,0,27,8,0,7,0,10,23,8,2,1,0,0,9,0,1,0,0,0,0,0,4,14,3
2025-09-24,13,74,106,36,14,0,13,11,36,8,0,15,27,6,5,49,24,26,51,0,26,27,0,7,0,19,25,11,1,2,0,0,10,0,0,0,0,0,0,0,1,4,3
2025-09-25,29,87,102,51,27,0,10,22,46,11,0,9,29,23,5,54,26,45,55,0,71,20,0,5,0,28,20,12,5,4,0,0,12,0,2,0,0,0,0,0,3,8,4
2025-09-26,24,63,98,60,32,0,14,9,40,12,0,6,19,14,12,62,33,56,66,0,44,25,0,2,0,31,19,4,0,1,0,0,7,0,0,0,0,0,0,0,1,7,4
2025-09-29,40,72,100,63,41,0,20,15,45,7,0,3,25,18,8,67,29,38,55,0,34,27,0,4,0,32,16,14,2,3,0,0,15,0,0,0,0,0,0,0,2,2,3
2025-09-30,27,59,116,70,28,0,11,13,38,21,0,10,33,11,3,61,22,33,54,0,33,33,0,4,0,22,6,17,3,3,0,0,2,0,3,0,0,0,0,0,5,5,1
2025-10-01,39,87,134,65,30,0,20,16,43,18,0,7,39,11,8,63,41,36,64,0,60,39,0,5,0,18,25,19,4,0,0,0,11,0,0,0,0,0,0,0,5,9,1
2025-10-02,25,97,118,57,24,0,15,11,42,12,0,14,27,20,4,68,32,35,37,0,38,25,0,7,0,15,16,13,5,5,0,0,12,0,0,0,0,0,0,0,1,10,5
2025-10-03,24,59,108,43,26,0,18,13,32,19,0,12,31,14,10,45,35,21,45,0,27,40,0,7,0,18,14,13,3,1,0,0,12,0,0,0,0,0,0,0,3,8,3
2025-10-06,23,72,100,56,27,0,9,10,40,17,0,11,21,11,3,53,43,28,35,0,40,35,0,11,0,10,8,10,7,2,0,1,15,0,1,0,0,0,0,0,4,4,2
2025-10-07,23,110,85,48,32,0,20,23,42,12,0,18,20,14,9,56,32,31,50,0,23,24,0,9,0,13,22,6,3,2,0,0,9,1,0,0,0,0,0,0,3,1,1
2025-10-08,17,98,112,53,38,0,24,15,45,17,0,5,25,21,10,64,25,35,44,0,28,37,0,8,0,24,13,16,8,4,0,0,14,0,2,0,0,0,0,0,1,4,1
2025-10-09,20,73,101,76,32,0,13,11,41,11,0,13,23,22,11,64,20,24,49,0,26,23,0,11,0,6,14,19,1,3,0,1,6,1,0,0,0,0,0,0,5,9,6
2025-10-10,23,92,102,59,51,0,18,12,40,24,0,12,26,16,10,69,52,34,39,0,38,24,0,9,0,13,18,18,3,2,0,0,14,1,1,0,0,0,0,0,7,3,4
2025-10-13,21,60,105,82,43,0,15,22,43,17,0,9,24,18,2,69,34,22,82,0,27,30,0,9,0,15,8,14,0,4,1,1,10,0,2,0,0,0,0,0,2,8,3
2025-10-14,15,59,110,81,26,0,12,11,39,14,0,15,28,27,6,89,36,45,69,0,39,25,0,7,0,21,20,11,4,4,0,0,4,0,2,0,0,0,0,0,5,5,4
2025-10-15,25,75,116,66,29,0,10,16,46,18,0,9,33,17,3,86,36,34,129,0,45,31,0,14,0,20,23,21,4,1,1,0,9,0,4,0,0,0,0,0,10,4,4
2025-10-16,23,95,157,91,40,0,22,18,69,18,0,15,63,23,3,75,48,46,116,0,46,34,0,9,0,40,52,21,7,2,0,0,17,0,0,0,0,0,0,0,6,10,5
2025-10-17,25,91,166,91,58,0,10,16,56,25,0,11,60,22,7,83,62,39,132,0,55,34,0,9,0,39,36,21,6,4,0,0,12,1,0,0,0,0,0,0,4,7,9
2025-10-21,28,104,242,116,58,0,23,8,98,30,0,36,73,29,15,130,63,47,135,0,49,37,0,15,0,33,42,24,5,3,0,1,20,0,1,0,0,0,0,0,5,10,4
2025-10-22,20,62,140,67,43,0,15,9,39,11,0,8,53,14,3,89,56,35,74,0,33,25,0,2,0,40,22,12,2,3,2,0,12,0,2,0,0,0,0,0,4,4,2
2025-10-24,35,45,139,73,33,0,12,16,45,25,0,7,35,9,15,102,68,39,78,0,24,15,0,1,0,32,21,17,4,1,0,2,11,0,0,0,0,0,0,0,6,3,1
2025-10-27,24,71,134,49,29,0,12,6,36,15,0,11,21,13,10,64,39,34,58,0,20,18,0,12,0,15,13,15,3,6,0,0,11,1,0,0,0,0,0,0,2,4,1
2025-10-28,16,72,130,76,29,0,17,14,40,11,0,15,37,17,12,95,47,33,69,0,29,25,0,7,0,24,34,15,0,4,0,0,10,0,4,0,0,0,0,0,6,11,5
2025-10-29,24,56,119,91,34,0,8,6,39,16,0,12,31,16,9,79,36,53,66,0,38,22,0,4,0,37,19,19,2,4,0,0,16,0,2,0,0,0,0,0,0,6,3
2025-10-30,21,58,123,75,32,0,6,20,43,11,0,9,39,22,5,96,33,31,68,0,54,31,0,7,0,21,25,23,1,5,0,0,17,0,1,0,0,0,0,0,5,3,0
2025-10-31,19,61,127,76,46,0,12,15,55,27,0,11,48,14,10,104,41,34,73,0,33,30,0,13,0,38,15,21,4,5,0,0,15,0,1,0,0,0,0,0,6,7,4
2025-11-03,22,63,145,90,36,0,22,12,51,21,0,20,48,24,19,91,44,36,87,0,43,23,0,8,0,34,20,22,2,1,0,0,15,0,2,0,0,0,0,0,5,7,7
2025-11-04,36,62,158,87,31,0,26,17,55,23,0,10,51,15,14,108,47,39,97,0,51,39,0,6,0,29,24,23,4,6,0,1,13,0,7,0,0,0,0,0,8,7,4
2025-11-05,28,63,121,56,37,0,22,13,46,18,0,4,52,22,11,95,36,43,72,0,42,16,0,7,0,23,17,21,13,1,0,0,17,0,0,0,0,0,0,0,6,15,8
2025-11-06,22,54,95,63,24,0,12,17,36,18,0,8,48,14,6,89,35,22,80,0,32,23,0,2,0,17,21,19,3,1,0,0,18,0,6,0,1,0,0,0,6,11,6
2025-11-07,37,62,136,68,41,0,19,21,49,9,0,5,37,22,9,96,42,46,90,0,41,27,0,7,0,29,27,16,5,1,0,0,17,0,1,0,0,0,0,0,7,8,7
2025-11-10,28,70,137,67,40,0,14,14,42,15,0,10,37,24,15,86,37,48,90,0,24,18,0,3,0,22,13,27,3,3,0,0,18,0,1,0,0,0,0,0,6,10,3
2025-11-11,16,47,115,48,35,0,17,12,43,14,0,10,36,28,13,69,30,34,59,0,30,26,0,6,0,23,18,9,7,4,0,0,9,0,0,0,0,0,0,0,3,5,0
2025-11-12,27,52,96,65,30,0,14,11,37,13,0,11,42,10,10,74,29,33,103,0,31,15,0,8,0,16,21,17,9,3,0,0,9,0,2,0,0,0,0,0,7,9,2
2025-11-13,23,36,118,55,11,0,6,8,45,15,0,4,46,23,8,69,26,26,81,0,26,22,0,6,0,11,34,10,5,2,0,0,5,0,1,0,0,0,0,0,5,7,1
2025-11-14,18,61,110,58,22,0,9,6,32,10,0,8,43,13,5,63,25,27,76,0,30,15,0,1,0,11,27,11,1,1,0,0,5,0,0,0,0,0,0,0,5,5,1
2025-11-17,25,42,97,52,33,0,6,17,26,7,0,4,30,11,6,57,23,33,57,0,20,9,0,1,0,4,9,5,6,2,0,0,7,0,0,0,1,0,0,0,6,3,4
2025-11-18,33,99,182,95,62,0,21,22,69,19,0,10,59,20,12,107,62,67,120,0,54,45,0,15,0,32,55,29,2,4,0,0,24,0,4,0,1,0,0,0,14,25,9
2025-11-19,50,64,164,81,31,0,23,18,54,17,0,12,42,14,6,103,47,42,80,0,42,19,0,10,0,20,41,16,5,4,0,0,22,0,5,0,0,0,0,0,10,10,5
2025-11-20,29,63,101,69,33,0,11,19,52,9,0,13,40,18,8,79,43,33,73,0,21,32,0,9,0,12,19,15,3,2,0,0,11,0,6,0,0,0,0,0,2,8,5
2025-11-21,40,48,135,68,33,0,6,22,37,16,0,5,23,11,5,74,31,44,66,0,35,15,0,5,0,20,20,22,3,2,0,0,16,0,5,0,0,0,0,0,8,9,5
2025-11-24,40,75,169,94,42,0,10,18,68,19,0,6,53,24,8,112,55,49,83,0,40,28,0,11,0,19,26,25,0,2,0,0,13,0,7,0,0,0,0,0,8,6,2
2025-11-25,40,75,169,94,42,0,10,18,68,19,0,6,53,24,8,112,55,49,83,0,40,28,0,11,0,19,26,25,0,2,0,0,13,0,7,0,0,0,0,0,8,6,2
2025-11-26,21,47,134,90,33,0,17,21,10,9,0,11,51,23,10,108,45,47,54,0,29,34,0,7,0,22,14,16,3,1,0,0,14,0,3,0,0,0,0,0,6,6,2
2025-11-27,14,50,90,71,21,0,7,12,58,8,0,8,36,18,13,82,49,33,55,0,28,29,0,6,0,12,11,22,9,3,0,0,6,0,3,0,0,0,0,0,0,9,2
2025-11-28,24,64,117,70,28,0,5,17,59,21,0,5,40,22,8,85,41,41,62,0,23,35,0,7,0,14,9,24,12,10,0,0,12,0,3,0,0,0,0,0,4,7,3
2025-12-01,31,72,153,87,35,0,17,14,75,15,0,6,56,14,9,102,46,35,83,0,38,22,0,10,0,24,22,42,6,9,0,0,6,0,2,0,0,0,0,0,9,4,1
2025-12-02,19,61,140,89,33,0,13,15,53,9,0,8,45,26,5,103,60,36,65,0,53,27,0,13,0,9,9,22,4,3,0,0,12,0,2,0,0,0,0,0,11,3,5
2025-12-03,19,50,105,70,31,0,5,13,42,14,0,7,30,19,8,83,31,32,50,0,35,17,0,7,0,15,17,15,10,4,0,0,10,0,7,0,0,0,0,0,9,5,5
2025-12-04,22,55,111,57,26,0,3,9,52,12,0,11,32,14,7,82,25,39,39,0,25,28,0,8,0,16,17,24,0,2,0,0,10,0,2,0,0,0,0,0,7,10,3
2025-12-05,25,54,178,57,24,0,5,9,42,13,0,2,31,11,7,67,29,28,45,0,23,14,0,12,0,17,11,20,1,3,0,0,9,0,1,0,0,0,0,0,4,10,1
2025-12-09,22,75,177,96,51,0,18,17,68,20,0,10,46,25,10,119,47,38,54,0,39,36,0,5,0,20,22,27,3,2,0,0,16,1,4,0,0,0,0,0,5,11,3
2025-12-10,16,65,112,92,29,0,12,13,68,9,0,6,35,19,14,62,38,30,55,0,37,32,0,6,0,8,17,18,7,0,0,0,13,1,1,0,0,0,0,0,5,3,3
2025-12-11,14,38,105,55,22,0,14,10,50,8,0,6,24,11,4,70,26,38,54,0,22,21,0,6,0,11,7,16,7,2,1,0,8,0,0,0,0,0,0,0,3,10,3
2025-12-12,12,39,100,45,18,0,18,15,40,7,0,6,37,14,10,52,31,26,54,0,29,20,0,3,0,6,6,27,11,0,0,0,2,1,2,0,0,0,0,0,8,2,2
2025-12-15,26,49,126,76,20,0,13,12,57,15,0,9,45,14,4,84,25,24,64,0,39,24,0,8,0,13,13,29,10,1,0,0,12,2,3,0,0,0,0,0,8,10,3
2025-12-16,26,98,166,89,49,0,23,12,80,23,0,11,55,36,9,104,60,54,67,0,60,30,0,8,0,20,22,36,13,7,0,0,21,0,5,0,0,0,0,0,4,8,4
2025-12-17,30,56,165,87,28,0,14,13,52,9,0,7,50,27,4,65,45,35,54,0,41,18,0,8,0,17,22,31,11,2,0,0,14,0,3,0,0,0,0,0,4,12,4
2025-12-18,18,59,66,53,19,0,5,6,23,5,0,7,14,16,7,43,29,23,22,0,19,11,0,6,0,8,1,21,12,4,0,0,7,0,3,0,0,0,0,0,7,11,1
2025-12-19,20,61,132,72,43,0,2,14,54,20,0,10,40,17,15,96,40,24,48,0,39,29,0,11,0,21,17,31,18,6,0,0,12,1,4,0,0,0,0,0,5,8,5
2025-12-22,19,51,180,97,38,0,9,11,68,13,0,11,57,24,23,98,41,38,51,0,44,28,0,9,0,8,13,33,31,12,0,0,14,0,0,0,0,0,0,0,6,12,9
2025-12-23,16,46,135,106,23,0,13,9,47,15,0,8,37,14,12,87,31,21,56,0,21,14,0,8,0,5,10,18,18,5,0,0,12,0,1,0,0,0,0,0,6,13,3
2025-12-26,20,48,144,93,48,0,18,18,59,13,0,4,51,30,19,101,47,39,78,0,46,30,0,14,0,16,19,30,22,6,0,0,15,0,7,0,0,0,0,0,9,9,0
2025-12-29,16,68,151,77,41,0,10,21,65,17,0,18,69,45,14,94,59,40,71,0,52,27,0,8,0,22,29,27,49,3,0,0,21,0,0,0,0,0,0,0,8,11,0
2025-12-30,26,62,145,120,49,0,12,18,66,18,0,13,58,14,18,116,47,58,81,0,33,34,0,18,0,20,15,28,40,6,0,0,27,0,0,0,0,0,0,0,8,9,6
2026-01-02,15,44,116,96,31,0,16,22,64,12,0,14,56,13,5,75,40,35,96,0,37,23,0,17,0,16,23,21,10,1,0,0,9,0,0,0,0,0,0,0,12,5,3
2026-01-05,7,7,25,3,29,0,8,26,99,17,0,20,0,1,3,9,8,2,0,0,59,40,0,22,0,1,0,2,1,5,0,0,21,0,0,0,0,0,0,0,13,2,4
2026-01-06,21,33,216,133,40,0,16,7,121,11,0,30,14,18,9,57,19,51,125,0,46,32,0,9,0,35,13,1,6,8,0,0,9,0,0,0,0,0,0,0,14,14,2
2026-01-07,17,46,119,59,20,0,13,12,44,4,0,14,34,6,15,41,18,7,40,0,23,13,0,5,0,1,8,0,6,3,2,0,5,0,0,0,0,0,0,0,4,13,0
2026-01-09,10,89,46,86,67,0,2,46,11,5,0,4,4,5,10,15,2,68,167,0,60,35,0,20,1,5,45,2,2,3,0,0,0,0,2,0,0,0,0,0,1,2,0
2026-01-13,24,79,210,157,54,0,6,15,86,23,0,24,72,28,10,69,61,60,102,0,58,35,0,18,1,31,14,30,7,4,0,0,5,0,0,0,0,0,0,0,8,11,2
2026-01-14,28,92,230,121,44,0,17,24,99,16,0,18,82,31,19,114,43,69,62,0,51,30,0,15,1,38,25,12,5,1,0,0,0,0,2,0,0,0,0,0,1,13,8
2026-01-15,13,38,87,46,20,0,8,10,35,14,0,15,24,15,5,73,28,28,41,0,32,16,0,13,1,15,10,33,1,0,0,0,4,1,0,0,0,0,0,0,3,11,2
2026-01-16,36,129,315,172,36,0,31,21,84,19,0,33,84,24,14,180,67,61,193,0,83,33,0,15,1,48,48,52,13,1,0,0,19,0,1,0,0,0,2,0,7,11,1
2026-01-20,28,171,379,123,52,0,31,18,137,29,0,19,118,31,12,186,69,4,236,0,59,41,0,20,0,52,53,50,6,3,0,0,8,1,5,0,1,0,0,0,5,15,1
2026-01-21,37,118,395,71,45,0,17,13,78,15,0,12,81,34,12,126,54,78,154,0,47,21,0,16,0,28,34,63,2,2,0,4,13,1,5,0,0,0,0,0,4,6,1
2026-01-22,15,118,274,100,51,0,17,17,66,11,0,16,52,32,8,101,56,49,114,0,53,26,0,13,0,40,37,52,4,5,1,0,9,0,0,0,0,0,0,0,9,15,4
2026-01-23,18,149,329,171,55,0,12,12,100,24,0,13,119,36,16,124,46,51,183,0,85,37,0,13,0,48,50,40,5,2,0,0,18,0,1,0,0,0,0,0,7,8,3
2026-01-26,12,121,356,168,65,0,23,29,97,24,0,17,81,11,5,110,44,60,208,0,54,27,0,10,0,30,37,29,2,5,0,0,11,0,0,0,0,0,0,0,0,6,6
2026-01-27,20,134,330,152,45,0,25,15,68,25,0,18,85,29,17,167,45,67,185,0,37,22,0,10,0,28,28,79,0,3,0,0,9,1,0,0,1,0,0,0,7,11,1
2026-01-28,28,106,303,129,37,0,17,20,70,28,0,16,71,24,16,121,45,54,185,0,36,18,0,9,0,30,34,41,7,6,0,0,10,1,0,0,0,0,0,0,3,6,5
2026-01-29,36,67,367,121,39,0,17,12,53,15,0,17,95,14,11,124,33,57,184,0,30,26,0,9,0,18,29,19,2,2,0,0,11,1,2,0,0,0,0,0,5,12,1
2026-01-30,26,80,177,69,26,0,11,17,74,22,0,11,30,16,15,116,50,40,156,0,75,25,0,11,0,20,33,31,5,3,0,0,9,0,0,0,0,0,0,0,7,13,2
2026-02-02,30,70,206,84,43,0,3,37,107,27,0,11,18,21,16,91,69,61,216,0,47,38,0,12,0,20,13,20,2,3,0,0,13,0,3,0,0,0,0,0,9,14,0
2026-02-03,20,52,377,136,46,0,1,20,103,8,0,18,1,19,25,126,37,17,220,0,89,21,0,21,0,24,47,49,2,3,0,0,16,0,3,0,0,0,0,0,6,2,5
2026-02-04,12,25,277,104,61,0,0,19,93,26,0,5,25,19,11,102,44,43,219,0,66,33,0,3,0,13,6,48,0,3,0,0,12,0,7,0,0,0,0,0,8,16,5
2026-02-05,5,101,316,128,45,0,38,25,88,14,0,6,14,17,16,119,69,58,259,0,65,32,0,15,0,5,63,16,3,3,0,0,6,0,0,0,0,0,0,0,10,12,4
2026-02-06,20,163,338,157,36,0,29,32,88,25,0,11,10,19,17,117,57,74,244,0,104,27,0,15,0,0,37,51,11,5,0,15,11,0,0,0,0,0,0,0,12,8,0
2026-02-09,57,129,462,156,53,0,32,24,123,39,0,36,270,19,7,172,101,102,328,0,107,37,0,14,0,29,18,74,8,2,0,0,18,0,5,0,0,0,0,0,12,12,6
2026-02-10,42,111,334,125,44,0,22,23,91,34,0,26,121,24,12,109,59,68,203,0,78,40,0,13,0,32,88,64,3,5,0,0,20,0,8,0,2,0,0,0,10,18,7
2026-02-11,17,76,281,96,32,0,17,15,75,21,0,15,96,18,9,88,33,54,177,0,54,29,0,3,0,26,64,31,10,0,0,0,15,1,9,0,0,0,0,0,9,9,2
2026-02-12,22,100,310,100,28,0,19,14,81,19,0,22,90,19,6,64,42,62,175,0,65,26,0,11,0,6,56,31,5,0,0,0,16,1,4,0,0,0,0,0,8,18,0
2026-02-13,25,153,362,116,45,0,31,24,82,28,0,33,76,17,21,146,62,64,246,0,92,45,0,15,1,33,68,58,3,7,0,0,25,0,9,0,0,0,0,0,8,21,4
2026-02-18,37,154,478,147,70,0,23,16,110,29,0,31,145,22,10,173,71,77,220,0,112,37,0,15,1,48,54,63,6,4,0,0,19,0,3,0,0,0,0,0,12,11,6
2026-02-19,32,103,356,131,43,0,10,19,86,17,0,26,99,25,13,120,70,67,217,0,64,34,0,12,0,64,57,52,3,5,0,0,17,0,4,0,0,0,0,0,5,13,1
2026-02-20,32,120,406,132,50,0,14,12,97,24,0,15,115,18,21,131,56,74,269,0,85,36,0,9,0,37,98,56,2,1,0,0,23,0,10,0,0,0,0,0,10,17,0
2026-02-23,41,135,292,136,55,0,25,28,86,23,0,21,126,21,11,134,70,58,248,0,85,21,0,5,0,34,36,51,3,4,0,0,13,0,7,0,0,0,0,0,11,16,1
2026-02-24,47,91,264,130,66,0,22,21,100,35,0,35,144,21,19,117,47,69,186,0,100,32,0,14,0,36,80,50,2,3,0,0,6,0,9,0,0,0,0,0,14,15,1
2026-02-25,31,105,422,139,49,0,30,27,105,22,0,15,131,24,9,125,73,64,262,0,72,20,0,9,0,27,70,43,2,4,0,0,3,0,7,0,0,0,0,0,6,17,2
2026-02-26,26,113,307,92,41,0,26,30,64,15,0,12,104,25,4,98,56,56,196,0,66,27,0,3,0,35,84,42,3,4,0,0,12,0,7,0,0,0,0,0,6,4,2
2026-02-27,28,123,434,127,36,0,25,19,101,15,0,14,141,31,3,157,71,58,263,0,68,35,0,0,0,35,52,39,6,6,0,0,10,0,13,0,0,0,0,0,14,13,3
2026-03-02,41,158,568,234,62,0,34,32,187,44,0,30,209,23,14,191,83,92,361,0,110,42,0,12,0,61,102,65,4,12,0,0,26,0,1,0,0,0,0,0,15,22,1
2026-03-03,28,133,499,213,62,0,42,26,139,32,0,32,173,34,10,181,86,78,263,0,120,25,0,7,0,50,73,56,4,2,0,0,13,0,4,0,0,0,0,0,16,18,2
2026-03-04,28,141,473,149,63,0,34,29,131,34,0,27,157,28,10,133,83,78,284,0,99,37,0,9,0,36,119,74,9,2,0,0,24,0,8,0,0,0,0,0,16,16,3
2026-03-05,36,128,435,108,46,0,26,22,84,43,0,26,94,29,15,144,58,56,248,0,112,20,0,12,0,68,89,54,5,3,0,0,33,0,0,0,0,0,0,0,12,13,5
2026-03-06,34,111,441,163,51,0,32,35,72,26,0,26,138,21,17,130,85,64,254,0,122,32,0,11,0,46,68,59,7,3,0,0,42,0,0,0,0,0,0,0,7,18,3
2026-03-09,32,118,390,184,42,0,30,18,98,33,0,19,115,22,15,168,105,69,238,0,128,22,0,12,0,35,92,48,3,5,0,0,49,0,3,0,0,1,0,0,6,5,6
2026-03-10,25,77,330,138,35,0,30,21,91,31,0,24,114,23,7,117,72,50,211,0,118,19,0,1,0,50,62,48,1,5,0,0,23,0,5,0,0,1,0,0,6,23,6
2026-03-11,24,108,389,124,40,0,36,24,98,22,0,15,109,27,12,116,53,43,257,0,124,33,0,11,0,31,71,39,4,1,0,0,22,0,3,0,0,0,0,0,9,12,4
2026-03-12,25,83,343,169,28,0,24,15,100,26,0,16,106,12,14,101,62,36,434,0,95,18,0,6,0,24,35,35,5,1,0,0,21,1,2,0,0,0,0,0,12,13,3
2026-03-13,15,97,413,163,42,0,29,22,107,30,0,31,105,10,7,141,74,50,184,0,97,24,0,14,0,30,45,42,8,0,0,0,41,1,1,0,0,0,0,0,10,21,1
2026-03-17,46,150,537,186,50,0,33,38,130,48,0,36,162,28,13,175,70,71,107,0,175,45,0,23,0,36,56,61,6,5,0,0,29,0,5,0,0,0,0,0,11,18,2
2026-03-18,34,99,413,133,51,0,17,24,137,31,0,22,121,14,13,145,77,60,578,0,206,25,0,19,0,23,26,39,7,6,0,9,22,1,0,0,0,1,0,0,15,8,1
2026-03-20,36,125,568,166,51,0,47,12,109,31,0,32,159,26,14,147,67,75,626,0,188,31,0,15,0,36,57,55,7,5,0,0,23,1,2,0,0,0,0,0,19,19,4
2026-03-23,29,127,492,148,53,0,36,31,130,46,0,27,129,22,11,125,93,70,424,0,194,31,0,11,0,43,54,38,3,0,0,1,28,0,1,0,0,0,0,0,4,13,4
2026-03-24,19,127,374,118,36,0,23,22,71,28,0,12,102,18,12,99,52,78,285,0,137,34,0,12,0,28,33,22,8,4,0,2,25,1,0,0,0,0,0,0,7,9,1
2026-03-25,38,111,360,125,35,0,15,18,64,25,0,14,109,16,15,140,111,66,277,0,97,28,0,14,0,28,22,23,2,6,0,0,23,0,3,0,0,0,0,0,4,13,2
2026-03-26,36,104,283,113,38,0,19,14,86,12,0,25,97,11,4,119,99,35,219,0,86,22,0,16,0,24,36,17,3,1,0,0,25,0,1,0,0,0,0,0,3,11,2
2026-03-30,24,89,372,143,39,0,18,14,78,17,0,15,66,20,10,96,167,41,230,0,108,21,0,15,0,35,40,30,2,0,0,1,24,0,1,0,0,0,0,0,7,14,1
2026-03-31,39,102,300,143,40,0,18,24,74,19,0,18,106,20,15,117,107,42,226,0,84,23,0,2,0,23,28,34,4,2,0,0,29,0,2,0,0,0,0,0,3,13,4
2026-04-01,28,102,302,138,43,0,29,18,82,22,0,8,99,19,15,109,115,44,258,0,80,29,0,3,0,12,38,36,2,1,0,0,11,0,0,0,0,0,1,0,4,13,3
2026-04-06,30,109,412,207,43,0,28,22,124,28,0,14,119,43,18,199,273,52,308,0,90,22,0,12,0,43,44,35,9,2,0,0,50,0,0,0,0,0,0,0,10,16,2
2026-04-07,14,126,287,109,25,0,21,16,94,14,0,11,89,29,14,85,105,47,198,0,97,16,0,7,0,22,27,24,7,3,0,0,18,1,0,0,0,0,0,0,13,10,2
2026-04-08,18,104,295,110,33,0,19,17,65,18,0,13,65,20,11,88,88,47,225,0,52,9,0,4,0,15,19,34,8,0,0,2,27,0,1,0,0,0,0,0,2,13,3
2026-04-09,28,71,302,98,36,0,29,24,48,13,0,17,55,13,13,85,69,37,187,0,73,23,0,9,0,37,23,34,4,1,0,0,21,1,2,0,0,0,0,0,9,12,2
2026-04-10,17,92,296,101,30,0,13,13,51,16,0,26,79,12,26,86,61,43,246,0,81,27,0,5,0,21,27,19,1,4,0,0,34,1,0,0,0,0,0,0,4,9,3
2026-04-13,26,90,321,130,46,0,16,12,54,25,0,20,72,11,14,110,95,53,239,0,125,31,0,10,0,27,43,36,3,2,0,0,17,1,2,0,0,0,0,0,5,9,2
2026-04-14,28,94,294,112,55,0,31,20,70,24,0,16,79,21,13,95,88,37,203,0,85,20,0,12,0,18,24,31,1,5,0,0,25,0,0,0,0,0,0,0,0,11,7
2026-04-15,28,130,346,107,78,0,18,25,68,19,0,22,64,33,14,133,156,56,219,0,98,31,0,10,0,35,25,42,6,3,0,0,26,1,0,0,1,0,0,0,5,10,12
2026-04-16,25,150,487,109,54,0,12,14,93,24,0,33,77,10,9,89,149,53,289,0,66,17,0,13,0,35,35,28,5,2,0,0,15,0,2,0,0,0,0,0,12,11,3
2026-04-17,31,106,423,118,54,0,13,18,76,27,0,15,107,24,13,168,198,55,260,0,135,23,0,11,0,55,43,41,6,7,0,0,32,0,5,0,0,0,0,0,11,13,2
2026-04-20,45,140,438,169,79,0,20,22,106,19,0,16,92,15,10,132,87,68,256,0,124,25,0,6,0,44,36,33,0,2,0,0,30,1,4,0,0,0,0,0,4,12,1
2026-04-21,33,111,338,135,74,0,38,21,150,21,0,20,91,15,23,133,228,56,219,0,102,31,0,13,0,54,14,37,11,4,0,0,60,0,0,0,0,0,0,0,13,8,4
2026-04-22,37,104,484,141,55,0,36,22,152,28,0,19,58,16,11,101,123,49,274,0,123,32,0,13,0,47,22,31,4,3,0,0,60,0,4,0,0,0,0,0,9,9,0
2026-04-23,9,95,295,67,37,0,10,13,74,11,0,14,52,6,5,56,99,36,195,0,87,15,0,8,0,26,32,16,6,2,0,0,18,0,0,0,0,0,0,0,2,10,0
2026-04-24,29,96,412,123,49,0,15,19,98,23,0,22,56,9,20,113,146,53,301,0,83,20,0,5,0,25,45,33,0,4,0,0,31,0,0,0,0,0,0,0,10,15,4
2026-04-27,30,158,390,147,53,0,34,20,97,52,0,21,92,13,14,154,209,68,287,0,150,19,0,11,0,47,41,59,5,3,0,0,34,0,5,0,0,0,0,0,4,11,2
2026-04-28,19,125,374,111,42,0,39,16,100,26,0,28,129,20,10,117,101,60,347,0,88,16,0,9,0,37,51,27,1,4,0,0,41,0,5,0,0,0,0,0,15,16,4
2026-04-29,15,109,449,103,51,0,30,17,84,30,0,18,65,17,17,105,97,30,249,0,82,15,0,8,0,27,30,48,2,2,0,0,54,1,2,0,0,0,0,0,9,7,0
2026-04-30,26,163,436,137,54,0,26,17,62,21,0,12,64,24,14,114,118,50,369,0,62,31,0,21,0,19,34,47,8,7,0,0,37,0,1,0,0,1,0,0,10,5,1
2026-05-04,2,42,234,34,12,0,4,8,33,13,0,15,20,1,2,59,29,17,80,0,31,6,0,4,0,9,14,11,1,0,0,0,7,0,2,0,0,0,0,0,2,4,0
2026-05-05,87,253,702,258,131,0,41,33,168,58,0,35,141,33,39,208,157,100,355,0,161,37,0,30,0,41,67,72,9,2,0,0,59,1,4,0,0,0,0,0,10,27,9
2026-05-06,36,151,420,155,66,0,33,34,132,36,0,22,93,18,30,137,102,56,261,0,135,40,0,21,0,29,39,56,5,1,0,0,49,1,4,0,0,0,0,0,10,25,3
2026-05-07,23,106,322,72,36,0,21,10,94,22,0,17,57,16,7,112,83,47,231,0,74,30,0,20,0,22,20,43,1,5,0,0,26,0,0,0,0,0,0,0,11,10,3
2026-05-08,23,101,322,115,34,0,24,7,61,14,0,16,49,6,13,74,85,29,200,0,44,21,0,16,0,15,21,26,3,0,0,0,35,1,3,0,0,0,0,0,9,11,3
2026-05-11,23,103,334,158,43,0,19,28,101,17,0,15,80,13,11,105,99,42,237,0,82,33,0,17,0,38,27,19,2,2,0,0,50,0,3,0,0,0,0,0,9,9,3
2026-05-12,21,97,298,204,48,0,18,12,62,25,0,15,55,9,21,94,62,26,291,0,47,27,0,9,0,15,35,37,4,0,1,0,22,0,7,0,0,0,0,0,6,12,5
2026-05-13,19,68,248,187,54,0,18,6,72,15,0,15,64,14,21,87,69,47,247,0,70,18,0,6,0,17,30,33,3,2,0,0,14,1,7,0,0,0,0,0,5,9,3
